player,team,tier,slot,slot_group,pos,pos_class,lineup_src,adj_mean,mean_shr,mean_ud,l15_mean,p20,adj_p20,max_ud,starts,modal_slot,start_rate15,hr_per_start,zeros_rate,mult,stack_score,blocked,pid,elite_power,law_slot_rank,tier_rank,model_rank,law_rank
Carson Benge,NYM,A,4,1,RF,OF,MODAL(last10),9.95,8.11,8.35,8.93,0.087,0.107,37.0,127,4,1.0,0.126,0.173,1.227,6.03,False,701807,False,1,0,15,1
Luis Robert Jr.,NYM,A,4,1,LF,OF,MODAL(last10),9.17,7.47,7.57,10.6,0.102,0.125,30.0,49,4,0.8,0.204,0.224,1.227,6.03,False,673357,True,1,0,28,2
Jared Young,NYM,A,5,1,1B,IF,MODAL(last10),8.87,7.23,7.16,8.93,0.029,0.036,22.0,69,5,0.8,0.116,0.217,1.227,6.03,False,676724,False,1,0,33,3
Bo Bichette,NYM,A,3,1,3B,IF,MODAL(last10),8.85,7.21,7.17,7.8,0.081,0.099,36.0,135,3,0.93,0.104,0.207,1.227,6.03,False,666182,False,1,0,34,4
Francisco Lindor,NYM,A,2,2,SS,IF,MODAL(last10),9.67,7.88,8.15,6.93,0.115,0.141,47.0,78,2,1.0,0.167,0.269,1.227,6.03,False,596019,True,2,0,18,5
A.J. Ewing,NYM,A,1,2,CF,OF,MODAL(last10),8.99,7.33,7.31,3.8,0.067,0.082,40.0,89,1,1.0,0.067,0.225,1.227,6.03,False,805999,False,3,0,31,6
Francisco Alvarez,NYM,A,9,3,C,IF,MODAL(last10),8.34,6.8,6.56,5.47,0.077,0.094,31.0,91,9,0.73,0.154,0.242,1.227,6.03,False,682626,False,4,0,41,7
Marcus Semien,NYM,A,7,3,2B,IF,MODAL(last10),7.94,6.47,6.16,5.07,0.061,0.075,32.0,115,7,0.87,0.113,0.304,1.227,6.03,False,543760,False,4,0,51,8
Luis Torrens,NYM,A,9,3,C,IF,MODAL(last10),7.77,6.33,5.71,9.07,0.046,0.056,29.0,65,9,0.53,0.108,0.369,1.227,6.03,False,620443,False,4,0,57,9
Brett Baty,NYM,A,7,3,LF,OF,MODAL(last10),7.71,6.28,5.88,5.6,0.037,0.045,26.0,109,7,0.6,0.073,0.294,1.227,6.03,False,683146,False,4,0,59,10
Matt Olson,ATL,A,3,1,1B,IF,MODAL(last10),9.98,8.94,9.41,5.8,0.123,0.137,37.0,138,3,1.0,0.261,0.188,1.116,5.77,False,621566,True,1,0,14,11
Michael Harris II,ATL,A,4,1,CF,OF,MODAL(last10),9.07,8.13,8.39,8.93,0.089,0.099,32.0,124,4,1.0,0.169,0.153,1.116,5.77,False,671739,False,1,0,29,12
Ozzie Albies,ATL,A,5,1,2B,IF,MODAL(last10),8.39,7.52,7.57,3.93,0.066,0.074,35.0,137,5,1.0,0.146,0.182,1.116,5.77,False,645277,False,1,0,38,13
Mauricio Dubón,ATL,A,6,1,SS,IF,MODAL(last10),8.04,7.2,7.16,4.73,0.047,0.052,28.0,127,6,0.87,0.079,0.181,1.116,5.77,False,643289,False,1,0,47,14
Drake Baldwin,ATL,A,1,2,C,IF,MODAL(last10),9.49,8.5,8.9,7.53,0.079,0.088,43.0,114,1,1.0,0.202,0.167,1.116,5.77,False,686948,True,2,0,19,15
Ronald Acuña Jr.,ATL,A,2,2,RF,OF,MODAL(last10),9.37,8.4,8.89,7.67,0.095,0.106,39.0,84,2,0.93,0.155,0.167,1.116,5.77,False,660670,False,3,0,21,16
Austin Riley,ATL,A,8,3,3B,IF,MODAL(last10),7.82,7.01,6.9,5.6,0.067,0.075,35.0,134,8,0.93,0.112,0.284,1.116,5.77,False,663586,False,4,0,54,17
Sean Murphy,ATL,A,9,3,C,IF,MODAL(last10),6.86,6.15,2.93,2.93,0.0,0.0,13.0,15,9,0.47,0.0,0.333,1.116,5.77,False,669221,False,4,0,87,18
Mike Yastrzemski,ATL,A,7,3,LF,OF,MODAL(last10),6.64,5.95,5.31,3.2,0.045,0.05,28.0,89,7,0.73,0.079,0.258,1.116,5.77,False,573262,False,4,0,93,19
Ryan Jeffers,MIN,A,3,1,C,IF,MODAL(last10),6.34,8.59,9.38,7.6,0.127,0.094,33.0,63,3,0.67,0.159,0.111,0.738,3.42,False,680777,False,1,0,109,20
Kody Clemens,MIN,A,5,1,2B,IF,MODAL(last10),6.01,8.15,8.43,8.93,0.125,0.092,29.0,112,5,0.93,0.196,0.188,0.738,3.42,False,665019,True,1,0,120,21
Josh Bell,MIN,A,4,1,DH,DH?,MODAL(last10),5.82,7.89,8.07,8.73,0.066,0.049,36.0,122,3,0.93,0.139,0.148,0.738,3.42,False,605137,False,1,0,126,22
Royce Lewis,MIN,A,6,1,1B,IF,MODAL(last10),5.54,7.5,7.57,5.2,0.051,0.038,25.0,99,6,1.0,0.131,0.162,0.738,3.42,False,668904,False,1,0,145,23
Byron Buxton,MIN,A,2,2,CF,OF,MODAL(last10),6.5,8.81,9.45,4.67,0.163,0.12,38.0,92,2,0.67,0.272,0.207,0.738,3.42,False,621439,True,2,0,101,24
Luke Keaschall,MIN,A,1,2,RF,OF,MODAL(last10),5.65,7.65,7.74,9.6,0.041,0.03,24.0,121,1,1.0,0.066,0.149,0.738,3.42,False,807712,False,3,0,134,25
Brooks Lee,MIN,A,7,3,3B,IF,MODAL(last10),5.63,7.63,7.72,8.27,0.072,0.053,30.0,125,7,1.0,0.168,0.24,0.738,3.42,False,686797,False,4,0,135,26
Trevor Larnach,MIN,A,7,3,LF,OF,MODAL(last10),5.56,7.53,7.6,4.07,0.097,0.072,26.0,93,1,0.67,0.108,0.226,0.738,3.42,False,663616,False,4,0,141,27
Kaelen Culpepper,MIN,A,9,3,SS,IF,MODAL(last10),5.34,7.23,6.94,6.2,0.0,0.0,16.0,17,9,0.93,0.118,0.059,0.738,3.42,False,701785,False,4,0,152,28
Isaac Paredes,HOU,B,3,1,3B,IF,MODAL(last10),7.84,8.02,8.24,9.2,0.087,0.085,31.0,126,3,1.0,0.135,0.135,0.978,4.31,False,670623,False,1,1,52,29
Christian Walker,HOU,B,6,1,1B,IF,MODAL(last10),7.64,7.81,7.95,4.93,0.094,0.092,36.0,128,6,0.87,0.188,0.227,0.978,4.31,False,572233,False,1,1,60,30
Jose Altuve,HOU,B,4,1,2B,IF,MODAL(last10),7.23,7.39,7.4,7.0,0.065,0.064,41.0,108,4,0.93,0.13,0.25,0.978,4.31,False,514888,False,1,1,72,31
Daulton Varsho,HOU,B,5,1,CF,OF,MODAL(last10),6.55,6.7,6.46,5.2,0.036,0.035,30.0,112,5,0.93,0.08,0.241,0.978,4.31,False,662139,False,1,1,99,32
Yordan Alvarez,HOU,B,2,2,LF,OF,MODAL(last10),10.14,10.37,11.27,9.73,0.194,0.19,39.0,134,2,1.0,0.284,0.127,0.978,4.31,False,670541,True,2,1,7,33
Jeremy Peña,HOU,B,1,2,DH,DH?,MODAL(last10),8.71,8.91,9.67,8.0,0.122,0.119,33.0,82,1,0.87,0.195,0.134,0.978,4.31,False,665161,True,2,1,35,34
Yainer Diaz,HOU,B,7,3,C,IF,MODAL(last10),6.9,7.06,6.88,7.13,0.062,0.061,38.0,65,7,0.53,0.154,0.246,0.978,4.31,False,673237,False,4,1,85,35
Cam Smith,HOU,B,8,3,RF,OF,MODAL(last10),6.89,7.04,6.93,7.2,0.078,0.076,33.0,116,8,0.73,0.147,0.302,0.978,4.31,False,701358,False,4,1,86,36
LaMonte Wade Jr.,HOU,B,7,3,RF,OF,MODAL(last10),6.72,6.87,6.21,5.33,0.069,0.067,29.0,29,7,0.47,0.069,0.276,0.978,4.31,False,664774,False,4,1,90,37
Taylor Trammell,HOU,B,8,3,RF,OF,MODAL(last10),6.6,6.75,6.32,4.47,0.054,0.053,25.0,56,7,0.67,0.125,0.304,0.978,4.31,False,666211,False,4,1,94,38
Jake Bauers,MIL,B,3,1,1B,IF,MODAL(last10),8.67,9.36,10.06,10.33,0.167,0.155,32.0,114,3,0.87,0.211,0.14,0.926,4.24,False,641343,True,1,1,36,39
Christian Yelich,MIL,B,5,1,DH,DH?,MODAL(last10),7.47,8.07,8.38,8.13,0.077,0.071,27.0,91,6,0.67,0.088,0.209,0.926,4.24,False,592885,False,1,1,63,40
William Contreras,MIL,B,3,1,C,IF,MODAL(last10),7.39,7.98,8.18,10.53,0.107,0.099,39.0,121,3,0.93,0.099,0.19,0.926,4.24,False,661388,False,1,1,68,41
Andrew Vaughn,MIL,B,4,1,1B,IF,MODAL(last10),7.07,7.64,7.82,5.47,0.062,0.057,35.0,65,5,0.73,0.077,0.154,0.926,4.24,False,683734,False,1,1,78,42
Luis Lara,MIL,B,6,1,RF,OF,MODAL(last10),6.91,7.46,7.59,7.0,0.094,0.087,28.0,32,2,0.73,0.031,0.188,0.926,4.24,False,800325,False,1,1,84,43
Jackson Chourio,MIL,B,2,2,LF,OF,MODAL(last10),8.39,9.06,9.76,9.93,0.133,0.123,46.0,98,2,1.0,0.194,0.122,0.926,4.24,False,694192,True,2,1,39,44
Brice Turang,MIL,B,1,2,2B,IF,MODAL(last10),8.27,8.93,9.43,7.07,0.11,0.102,36.0,127,2,0.67,0.126,0.134,0.926,4.24,False,668930,False,3,1,43,45
Garrett Mitchell,MIL,B,7,3,CF,OF,MODAL(last10),7.45,8.04,8.29,6.93,0.066,0.061,32.0,106,7,0.53,0.085,0.179,0.926,4.24,False,669003,False,4,1,64,46
Cooper Pratt,MIL,B,9,3,SS,IF,MODAL(last10),6.82,7.37,7.39,5.0,0.082,0.076,28.0,49,8,0.4,0.041,0.286,0.926,4.24,False,806198,False,4,1,88,47
David Hamilton,MIL,B,9,3,3B,IF,MODAL(last10),6.38,6.89,6.69,8.4,0.034,0.031,36.0,89,9,0.6,0.045,0.337,0.926,4.24,False,666152,False,4,1,106,48
Joey Ortiz,MIL,B,8,3,SS,IF,MODAL(last10),6.35,6.86,6.65,8.67,0.033,0.031,32.0,91,8,0.93,0.077,0.22,0.926,4.24,False,687401,False,4,1,108,49
Willson Contreras,BOS,C,4,1,1B,IF,MODAL(last10),11.54,8.89,9.39,9.4,0.105,0.136,31.0,124,4,0.93,0.21,0.113,1.298,5.28,False,575929,True,1,2,2,50
Wilyer Abreu,BOS,C,3,1,RF,OF,MODAL(last10),10.99,8.47,8.81,9.8,0.149,0.193,34.0,134,3,1.0,0.172,0.201,1.298,5.28,False,677800,True,1,2,4,51
Adley Rutschman,BOS,C,5,1,C,IF,MODAL(last10),10.06,7.75,7.95,6.0,0.115,0.149,46.0,78,5,0.67,0.115,0.205,1.298,5.28,False,668939,False,1,2,9,52
Caleb Durbin,BOS,C,6,1,3B,IF,MODAL(last10),9.99,7.7,7.81,8.2,0.065,0.084,35.0,124,6,0.93,0.097,0.218,1.298,5.28,False,702332,False,1,2,13,53
Ceddanne Rafaela,BOS,C,2,2,CF,OF,MODAL(last10),10.83,8.34,8.65,6.8,0.071,0.092,38.0,127,2,0.93,0.126,0.142,1.298,5.28,False,678882,False,3,2,5,54
Nick Sogard,BOS,C,1,2,2B,IF,MODAL(last10),10.02,7.72,8.1,10.27,0.051,0.066,25.0,39,1,1.0,0.077,0.128,1.298,5.28,False,686765,False,3,2,11,55
Mickey Gasper,BOS,C,9,3,DH,DH?,MODAL(last10),10.12,7.8,8.31,10.53,0.057,0.074,34.0,35,9,0.53,0.143,0.114,1.298,5.28,False,681508,False,4,2,8,56
Jarren Duran,BOS,C,7,3,LF,OF,MODAL(last10),10.02,7.72,7.84,7.6,0.075,0.097,36.0,120,7,0.73,0.15,0.217,1.298,5.28,False,680776,False,4,2,12,57
Andruw Monasterio,BOS,C,8,3,SS,IF,MODAL(last10),9.76,7.52,7.61,5.33,0.057,0.074,36.0,70,7,0.87,0.086,0.186,1.298,5.28,False,655316,False,4,2,16,58
Miguel Vargas,CWS,C,3,1,3B,IF,MODAL(last10),11.75,9.42,10.06,11.87,0.131,0.163,41.0,130,3,1.0,0.223,0.154,1.247,5.2,False,678246,True,1,2,1,59
Colson Montgomery,CWS,C,6,1,SS,IF,MODAL(last10),9.76,7.83,7.98,6.6,0.103,0.128,32.0,126,6,0.93,0.222,0.262,1.247,5.2,False,695657,False,1,2,17,60
Andrew Benintendi,CWS,C,4,1,DH,DH?,MODAL(last10),9.22,7.39,7.4,7.67,0.103,0.128,30.0,97,4,0.73,0.124,0.227,1.247,5.2,False,643217,False,1,2,26,61
Braden Montgomery,CWS,C,5,1,RF,OF,MODAL(last10),9.19,7.37,7.38,7.67,0.091,0.113,24.0,66,5,0.93,0.076,0.197,1.247,5.2,False,695731,False,1,2,27,62
Munetaka Murakami,CWS,C,2,2,1B,IF,MODAL(last10),11.47,9.2,9.96,7.93,0.163,0.203,41.0,98,2,0.93,0.296,0.143,1.247,5.2,False,808959,True,2,2,3,63
Sam Antonacci,CWS,C,1,2,LF,OF,MODAL(last10),10.05,8.06,8.34,7.93,0.069,0.086,30.0,102,1,0.93,0.078,0.196,1.247,5.2,False,803011,False,3,2,10,64
Chase Meidroth,CWS,C,7,3,2B,IF,MODAL(last10),9.35,7.5,7.55,5.27,0.039,0.049,41.0,128,7,1.0,0.094,0.188,1.247,5.2,False,805367,False,4,2,22,65
Tristan Peters,CWS,C,8,3,LF,OF,MODAL(last10),9.05,7.26,7.23,12.07,0.057,0.071,39.0,105,8,0.87,0.105,0.286,1.247,5.2,False,671976,False,4,2,30,66
Drew Romo,CWS,C,9,3,C,IF,MODAL(last10),7.41,5.94,4.87,4.87,0.019,0.024,33.0,53,9,0.53,0.132,0.377,1.247,5.2,False,691011,False,4,2,65,67
Julio Rodríguez,SEA,C,3,1,CF,OF,MODAL(last10),8.16,7.79,7.93,5.33,0.105,0.11,32.0,124,3,1.0,0.153,0.153,1.047,4.38,False,677594,False,1,2,46,68
Josh Naylor,SEA,C,4,1,1B,IF,MODAL(last10),7.84,7.49,7.54,6.67,0.063,0.066,38.0,126,5,0.93,0.079,0.183,1.047,4.38,False,647304,False,1,2,53,69
Cal Raleigh,SEA,C,5,1,C,IF,MODAL(last10),7.41,7.08,6.97,10.67,0.06,0.063,47.0,100,7,0.93,0.19,0.24,1.047,4.38,False,663728,True,1,2,66,70
Cole Young,SEA,C,6,1,2B,IF,MODAL(last10),7.33,7.0,6.89,5.27,0.06,0.063,33.0,134,6,0.87,0.119,0.201,1.047,4.38,False,702284,False,1,2,70,71
Dominic Canzone,SEA,C,2,2,RF,OF,MODAL(last10),8.2,7.83,8.02,8.73,0.117,0.122,30.0,103,2,0.93,0.194,0.184,1.047,4.38,False,686527,True,2,2,45,72
Randy Arozarena,SEA,C,1,2,LF,OF,MODAL(last10),9.3,8.88,9.36,9.27,0.141,0.148,46.0,128,1,1.0,0.156,0.18,1.047,4.38,False,668227,False,3,2,24,73
Taylor Ward,SEA,C,7,3,DH,DH?,MODAL(last10),7.82,7.47,7.5,4.33,0.031,0.032,27.0,131,7,0.6,0.053,0.107,1.047,4.38,False,621493,False,4,2,55,74
Brock Rodden,SEA,C,9,3,3B,IF,MODAL(last10),7.09,6.77,4.83,4.83,0.0,0.0,13.0,12,9,0.8,0.0,0.333,1.047,4.38,False,801126,False,4,2,76,75
Oneil Cruz,PIT,C,5,1,CF,OF,MODAL(last10),10.54,9.81,11.21,11.73,0.186,0.2,35.0,70,5,0.6,0.243,0.143,1.074,4.37,False,665833,True,1,2,6,76
Bryan Reynolds,PIT,C,3,1,LF,OF,MODAL(last10),9.27,8.63,9.01,6.93,0.11,0.118,38.0,136,3,1.0,0.11,0.125,1.074,4.37,False,668804,False,1,2,25,77
Nick Gonzales,PIT,C,4,1,DH,DH?,MODAL(last10),8.42,7.84,7.99,7.4,0.04,0.043,24.0,125,4,0.8,0.056,0.152,1.074,4.37,False,693304,False,1,2,37,78
Jake Mangum,PIT,C,6,1,RF,OF,MODAL(last10),8.3,7.73,7.89,6.07,0.066,0.071,34.0,91,7,0.8,0.044,0.187,1.074,4.37,False,663968,False,1,2,42,79
Rafael Flores Jr.,PIT,C,5,1,C,IF,MODAL(last10),7.78,7.24,7.04,8.13,0.13,0.14,36.0,23,5,0.87,0.217,0.348,1.074,4.37,False,804668,False,1,2,56,80
Esmerlyn Valdez,PIT,C,2,2,RF,OF,MODAL(last10),9.45,8.8,9.71,6.27,0.111,0.119,39.0,63,2,0.8,0.27,0.222,1.074,4.37,False,699013,True,2,2,20,81
Brandon Lowe,PIT,C,2,2,2B,IF,MODAL(last10),9.34,8.7,9.13,7.8,0.119,0.128,37.0,126,2,0.87,0.222,0.151,1.074,4.37,False,664040,False,3,2,23,82
Spencer Horwitz,PIT,C,1,2,1B,IF,MODAL(last10),7.98,7.43,7.47,3.8,0.047,0.05,26.0,85,1,0.67,0.106,0.153,1.074,4.37,False,687462,False,3,2,50,83
Jacob Gonzalez,PIT,C,8,3,SS,IF,MODAL(last10),7.23,6.73,6.22,4.13,0.061,0.066,38.0,49,8,0.53,0.143,0.347,1.074,4.37,False,694378,False,4,2,73,84
Jared Triolo,PIT,C,9,3,SS,IF,MODAL(last10),6.57,6.12,5.51,5.27,0.012,0.013,31.0,82,9,0.93,0.024,0.268,1.074,4.37,False,669707,False,4,2,97,85
Junior Caminero,TB,C,3,1,3B,IF,MODAL(last10),8.96,9.16,9.69,7.67,0.14,0.137,48.0,136,3,1.0,0.265,0.162,0.978,3.98,False,691406,True,1,2,32,86
Liam Hicks,TB,C,4,1,C,IF,MODAL(last10),8.26,8.45,8.86,8.33,0.083,0.081,32.0,108,4,0.8,0.157,0.157,0.978,3.98,False,689414,True,1,2,44,87
Jonny DeLuca,TB,C,6,1,RF,OF,MODAL(last10),7.4,7.57,7.71,7.13,0.092,0.09,27.0,65,6,0.73,0.108,0.262,0.978,3.98,False,676356,False,1,2,67,88
Chandler Simpson,TB,C,5,1,LF,OF,MODAL(last10),7.02,7.18,7.12,7.47,0.025,0.024,24.0,121,5,1.0,0.0,0.165,0.978,3.98,False,802415,False,1,2,81,89
Yandy Díaz,TB,C,1,2,DH,DH?,MODAL(last10),8.38,8.57,8.94,8.73,0.076,0.074,34.0,131,1,1.0,0.153,0.145,0.978,3.98,False,650490,False,3,2,40,90
Jonathan Aranda,TB,C,2,2,1B,IF,MODAL(last10),8.01,8.19,8.45,6.73,0.062,0.061,28.0,128,2,0.93,0.133,0.148,0.978,3.98,False,666018,False,3,2,49,91
Cedric Mullins,TB,C,7,3,CF,OF,MODAL(last10),7.05,7.21,7.15,7.07,0.037,0.036,31.0,107,7,0.8,0.131,0.224,0.978,3.98,False,656775,False,4,2,79,92
Richie Palacios,TB,C,7,3,2B,IF,MODAL(last10),6.65,6.8,6.54,7.07,0.047,0.046,26.0,85,8,0.73,0.047,0.306,0.978,3.98,False,680700,False,4,2,92,93
Jorge Mateo,TB,C,8,3,2B,IF,MODAL(last10),6.56,6.71,6.13,4.2,0.044,0.043,23.0,45,9,0.47,0.089,0.444,0.978,3.98,False,622761,False,4,2,98,94
Taylor Walls,TB,C,9,3,SS,IF,MODAL(last10),6.45,6.6,6.31,7.13,0.029,0.028,30.0,103,9,0.8,0.019,0.194,0.978,3.98,False,670764,False,4,2,102,95
Jordan Walker,STL,C,4,1,RF,OF,MODAL(last10),8.03,9.38,9.99,11.33,0.119,0.102,35.0,135,4,1.0,0.215,0.141,0.856,3.36,False,691023,True,1,2,48,96
Alec Burleson,STL,C,3,1,1B,IF,MODAL(last10),7.63,8.91,9.39,9.93,0.114,0.098,48.0,132,3,0.93,0.159,0.182,0.856,3.36,False,676475,False,1,2,61,97
Joshua Báez,STL,C,5,1,LF,OF,MODAL(last10),6.45,7.54,8.07,8.07,0.071,0.061,46.0,14,5,0.87,0.357,0.286,0.856,3.36,False,695491,True,1,2,103,98
José Fermín,STL,C,6,1,2B,IF,MODAL(last10),5.59,6.53,6.04,7.27,0.029,0.025,28.0,68,8,0.67,0.074,0.294,0.856,3.36,False,665877,False,1,2,137,99
Nathan Church,STL,C,6,1,CF,OF,MODAL(last10),5.58,6.52,6.18,6.53,0.051,0.044,32.0,99,6,0.67,0.091,0.263,0.856,3.36,False,701675,False,1,2,138,100
Blaze Jordan,STL,C,6,1,3B,IF,MODAL(last10),5.56,6.5,5.85,6.0,0.038,0.033,28.0,53,9,0.73,0.057,0.208,0.856,3.36,False,691458,False,1,2,142,101
JJ Wetherholt,STL,C,1,2,SS,IF,MODAL(last10),7.12,8.32,8.62,7.2,0.101,0.086,38.0,129,1,0.87,0.132,0.178,0.856,3.36,False,802139,False,3,2,75,102
Iván Herrera,STL,C,2,2,DH,DH?,MODAL(last10),7.0,8.18,8.42,5.73,0.072,0.062,36.0,138,2,1.0,0.109,0.159,0.856,3.36,False,671056,False,3,2,82,103
Jimmy Crooks,STL,C,9,3,C,IF,MODAL(last10),5.06,5.91,4.47,5.8,0.0,0.0,16.0,40,9,0.4,0.075,0.35,0.856,3.36,False,699625,False,4,2,164,104
Willi Castro,COL,C,3,1,3B,IF,MODAL(last10),7.29,8.2,8.52,9.27,0.056,0.05,49.0,108,3,0.93,0.139,0.148,0.889,3.26,False,650489,False,1,2,71,105
TJ Rumfield,COL,C,4,1,1B,IF,MODAL(last10),6.94,7.81,7.96,6.4,0.057,0.051,29.0,123,4,0.87,0.098,0.171,0.889,3.26,False,681198,False,1,2,83,106
Connor Norby,COL,C,5,1,2B,IF,MODAL(last10),5.91,6.65,6.26,6.2,0.014,0.012,21.0,73,6,0.8,0.055,0.178,0.889,3.26,False,681393,False,1,2,123,107
Jordan Beck,COL,C,6,1,LF,OF,MODAL(last10),5.66,6.37,5.18,5.27,0.0,0.0,19.0,33,7,0.47,0.03,0.273,0.889,3.26,False,687597,False,1,2,133,108
Mickey Moniak,COL,C,2,2,RF,OF,MODAL(last10),7.36,8.28,8.72,5.53,0.141,0.125,36.0,85,2,0.87,0.247,0.165,0.889,3.26,False,666160,True,2,2,69,109
Jake McCarthy,COL,C,1,2,DH,DH?,MODAL(last10),7.74,8.71,9.19,6.27,0.097,0.086,48.0,113,1,1.0,0.124,0.159,0.889,3.26,False,664983,False,3,2,58,110
Cole Carrigg,COL,C,2,2,CF,OF,MODAL(last10),7.48,8.41,9.12,5.2,0.119,0.106,29.0,59,2,0.87,0.085,0.153,0.889,3.26,False,694249,False,3,2,62,111
Zac Veen,COL,C,8,3,LF,OF,MODAL(last10),6.43,7.23,6.67,6.67,0.0,0.0,19.0,9,8,0.6,0.222,0.444,0.889,3.26,False,691728,True,4,2,105,112
Brett Sullivan,COL,C,7,3,C,IF,MODAL(last10),6.18,6.95,6.61,9.07,0.102,0.091,31.0,49,8,0.67,0.122,0.286,0.889,3.26,False,664954,False,4,2,111,113
Ezequiel Tovar,COL,C,9,3,SS,IF,MODAL(last10),5.32,5.98,5.5,4.2,0.052,0.046,41.0,115,9,0.73,0.087,0.322,0.889,3.26,False,678662,False,4,2,153,114
George Springer,TOR,C,4,1,DH,DH?,MODAL(last10),6.73,8.07,8.37,10.07,0.092,0.077,30.0,98,4,0.67,0.143,0.163,0.834,3.19,False,543807,False,1,2,89,115
Kazuma Okamoto,TOR,C,5,1,3B,IF,MODAL(last10),6.53,7.83,7.98,8.8,0.124,0.103,35.0,129,5,1.0,0.202,0.233,0.834,3.19,False,672960,True,1,2,100,116
Alejandro Kirk,TOR,C,3,1,C,IF,MODAL(last10),6.36,7.62,7.81,10.67,0.056,0.047,29.0,54,3,0.8,0.13,0.148,0.834,3.19,False,672386,False,1,2,107,117
Ernie Clement,TOR,C,6,1,2B,IF,MODAL(last10),5.69,6.82,6.66,5.0,0.023,0.019,32.0,128,6,0.87,0.07,0.18,0.834,3.19,False,676391,False,1,2,131,118
Jesús Sánchez,TOR,C,5,1,LF,OF,MODAL(last10),5.55,6.66,6.28,5.27,0.041,0.034,29.0,74,5,0.53,0.108,0.203,0.834,3.19,False,660821,False,1,2,144,119
Brett Bateman,TOR,C,1,2,CF,OF,MODAL(last10),6.34,7.6,8.18,8.2,0.0,0.0,19.0,17,1,0.8,0.0,0.118,0.834,3.19,False,703520,False,3,2,110,120
Vladimir Guerrero Jr.,TOR,C,2,2,1B,IF,MODAL(last10),6.05,7.25,7.21,5.8,0.041,0.034,28.0,121,3,0.6,0.058,0.198,0.834,3.19,False,665489,False,3,2,118,121
Nathan Lukes,TOR,C,2,2,RF,OF,MODAL(last10),5.5,6.59,6.21,7.27,0.025,0.021,23.0,81,2,0.67,0.099,0.235,0.834,3.19,False,664770,False,3,2,146,122
Daz Cameron,TOR,C,7,3,LF,OF,MODAL(last10),5.85,7.02,4.83,4.83,0.0,0.0,19.0,6,7,0.4,0.167,0.5,0.834,3.19,False,663662,True,4,2,125,123
Andrés Giménez,TOR,C,7,3,SS,IF,MODAL(last10),5.81,6.97,6.83,7.87,0.054,0.045,34.0,112,6,0.67,0.08,0.232,0.834,3.19,False,665926,False,4,2,127,124
Charles McAdoo,TOR,C,8,3,2B,IF,MODAL(last10),5.81,6.97,6.2,6.53,0.05,0.042,22.0,20,1,0.73,0.1,0.2,0.834,3.19,False,807727,False,4,2,128,125
Myles Straw,TOR,C,9,3,LF,OF,MODAL(last10),5.3,6.36,5.7,6.13,0.017,0.014,24.0,60,9,0.67,0.017,0.317,0.834,3.19,False,664702,False,4,2,156,126
Luis García Jr.,NYY,C,3,1,1B,IF,MODAL(last10),6.69,8.72,9.25,8.87,0.136,0.104,42.0,103,4,0.8,0.252,0.262,0.767,3.01,False,671277,True,1,2,91,127
Cody Bellinger,NYY,C,4,1,LF,OF,MODAL(last10),6.17,8.04,8.3,6.47,0.065,0.05,47.0,108,4,0.33,0.111,0.194,0.767,3.01,False,641355,False,1,2,112,128
Spencer Jones,NYY,C,6,1,RF,OF,MODAL(last10),5.57,7.26,7.19,9.0,0.096,0.074,26.0,52,6,0.93,0.135,0.288,0.767,3.01,False,682987,False,1,2,140,129
George Lombard Jr.,NYY,C,6,1,SS,IF,MODAL(last10),5.38,7.02,6.41,5.2,0.045,0.035,22.0,22,6,1.0,0.091,0.227,0.767,3.01,False,806146,False,1,2,150,130
Heliot Ramos,NYY,C,3,1,RF,OF,MODAL(last10),5.36,6.99,6.84,3.53,0.066,0.051,44.0,91,3,0.73,0.099,0.242,0.767,3.01,False,671218,False,1,2,151,131
Ben Rice,NYY,C,2,2,DH,DH?,MODAL(last10),7.03,9.16,9.73,7.47,0.183,0.14,39.0,126,2,1.0,0.262,0.23,0.767,3.01,False,700250,True,2,2,80,132
Trent Grisham,NYY,C,1,2,CF,OF,MODAL(last10),6.15,8.02,8.28,10.13,0.135,0.104,40.0,104,1,0.93,0.163,0.24,0.767,3.01,False,663757,False,3,2,113,133
Jazz Chisholm Jr.,NYY,C,7,3,2B,IF,MODAL(last10),6.12,7.98,8.18,8.13,0.075,0.058,34.0,120,7,0.8,0.15,0.233,0.767,3.01,False,665862,False,4,2,114,134
José Caballero,NYY,C,9,3,3B,IF,MODAL(last10),5.61,7.32,7.3,7.2,0.039,0.03,32.0,102,9,0.73,0.118,0.216,0.767,3.01,False,676609,False,4,2,136,135
Austin Wells,NYY,C,8,3,C,IF,MODAL(last10),4.26,5.56,4.75,3.73,0.011,0.008,25.0,89,8,0.8,0.09,0.382,0.767,3.01,False,669224,False,4,2,190,136
Kevin McGonigle,DET,C,3,1,SS,IF,MODAL(last10),7.22,8.72,9.14,7.4,0.099,0.082,27.0,131,3,1.0,0.107,0.115,0.828,2.82,False,805808,False,1,2,74,137
Dillon Dingler,DET,C,4,1,DH,DH?,MODAL(last10),7.09,8.56,8.97,2.8,0.118,0.098,45.0,119,4,0.87,0.227,0.193,0.828,2.82,False,693307,True,1,2,77,138
Eduardo Valencia,DET,C,5,1,C,IF,MODAL(last10),6.6,7.97,9.41,8.87,0.118,0.098,40.0,17,5,0.6,0.294,0.294,0.828,2.82,False,680664,True,1,2,95,139
Brett Callahan,DET,C,5,1,LF,OF,MODAL(last10),6.04,7.3,7.0,7.0,0.0,0.0,17.0,7,7,0.47,0.143,0.143,0.828,2.82,False,814430,False,1,2,119,140
Colt Keith,DET,C,3,1,DH,DH?,MODAL(last10),5.72,6.91,6.71,6.67,0.044,0.036,51.0,91,5,0.53,0.099,0.253,0.828,2.82,False,690993,False,1,2,129,141
Zach McKinstry,DET,C,6,1,RF,OF,MODAL(last10),5.09,6.15,5.61,5.07,0.022,0.018,21.0,89,5,0.6,0.045,0.225,0.828,2.82,False,656716,False,1,2,162,142
Gleyber Torres,DET,C,1,2,2B,IF,MODAL(last10),6.59,7.96,8.28,7.47,0.066,0.055,28.0,76,1,0.93,0.105,0.171,0.828,2.82,False,650402,False,3,2,96,143
Hao-Yu Lee,DET,C,2,2,3B,IF,MODAL(last10),5.4,6.52,6.0,6.8,0.031,0.026,22.0,65,2,0.8,0.092,0.277,0.828,2.82,False,701678,False,3,2,148,144
Max Clark,DET,C,8,3,CF,OF,MODAL(last10),6.12,7.39,7.44,6.07,0.04,0.033,24.0,25,8,0.93,0.08,0.2,0.828,2.82,False,703601,False,4,2,115,145
Spencer Torkelson,DET,C,7,3,1B,IF,MODAL(last10),5.94,7.17,7.11,4.07,0.062,0.051,32.0,128,7,0.93,0.148,0.258,0.828,2.82,False,679529,False,4,2,122,146
Javier Báez,DET,C,9,3,LF,OF,MODAL(last10),5.56,6.72,6.14,4.93,0.0,0.0,19.0,44,9,0.73,0.045,0.273,0.828,2.82,False,595879,False,4,2,143,147
José Ramírez,CLE,C,3,1,3B,IF,MODAL(last10),5.68,8.6,9.09,7.67,0.108,0.071,32.0,102,3,0.87,0.098,0.176,0.66,2.74,False,608070,False,1,2,132,148
Angel Martínez,CLE,C,6,1,LF,OF,MODAL(last10),5.19,7.86,8.11,10.4,0.089,0.059,36.0,79,6,0.6,0.165,0.278,0.66,2.74,False,682657,True,1,2,157,149
Nathaniel Lowe,CLE,C,5,1,1B,IF,MODAL(last10),5.07,7.68,7.84,5.67,0.07,0.046,32.0,86,5,0.87,0.174,0.186,0.66,2.74,False,663993,True,1,2,163,150
Jo Adell,CLE,C,4,1,RF,OF,MODAL(last10),4.93,7.47,7.51,10.13,0.094,0.062,39.0,128,4,0.8,0.156,0.281,0.66,2.74,False,666176,False,1,2,172,151
Angel Genao,CLE,C,6,1,2B,IF,MODAL(last10),4.62,7.0,6.22,6.07,0.056,0.037,20.0,18,6,0.8,0.056,0.222,0.66,2.74,False,694197,False,1,2,179,152
Chase DeLauter,CLE,C,2,2,DH,DH?,MODAL(last10),5.45,8.26,8.59,8.93,0.09,0.059,33.0,111,2,0.6,0.117,0.135,0.66,2.74,False,800050,False,3,2,147,153
Travis Bazzana,CLE,C,2,2,2B,IF,MODAL(last10),5.13,7.77,7.93,5.27,0.089,0.059,42.0,101,7,0.87,0.089,0.238,0.66,2.74,False,683953,False,3,2,161,154
Steven Kwan,CLE,C,1,2,CF,OF,MODAL(last10),4.69,7.1,7.02,8.47,0.024,0.016,26.0,123,1,1.0,0.016,0.203,0.66,2.74,False,680757,False,3,2,177,155
Brayan Rocchio,CLE,C,9,3,SS,IF,MODAL(last10),4.49,6.81,6.64,4.67,0.053,0.035,24.0,131,9,0.8,0.076,0.229,0.66,2.74,False,677587,False,4,2,186,156
Petey Halpin,CLE,C,8,3,CF,OF,MODAL(last10),4.32,6.55,5.75,6.0,0.025,0.016,38.0,40,7,0.6,0.075,0.3,0.66,2.74,False,690984,False,4,2,188,157
Austin Hedges,CLE,C,8,3,C,IF,MODAL(last10),4.26,6.45,5.85,3.73,0.05,0.033,30.0,60,8,0.47,0.083,0.267,0.66,2.74,False,595978,False,4,2,191,158
Patrick Bailey,CLE,C,7,3,C,IF,MODAL(last10),3.86,5.85,5.1,7.67,0.025,0.016,27.0,80,8,0.53,0.088,0.362,0.66,2.74,False,672275,False,4,2,195,159
Wyatt Langford,TEX,C,3,1,LF,OF,MODAL(last10),5.7,8.29,8.74,8.07,0.11,0.076,27.0,82,3,0.93,0.183,0.159,0.687,2.69,False,694671,True,1,2,130,160
Ezequiel Duran,TEX,C,5,1,2B,IF,MODAL(last10),5.32,7.74,7.87,6.73,0.084,0.058,30.0,119,5,1.0,0.118,0.269,0.687,2.69,False,677649,False,1,2,154,161
Brandon Nimmo,TEX,C,4,1,RF,OF,MODAL(last10),5.19,7.55,7.62,4.47,0.086,0.059,36.0,128,4,1.0,0.109,0.195,0.687,2.69,False,607043,False,1,2,158,162
Jake Burger,TEX,C,6,1,1B,IF,MODAL(last10),5.04,7.33,7.33,8.13,0.073,0.05,35.0,123,6,0.87,0.171,0.276,0.687,2.69,False,669394,False,1,2,165,163
Evan Carter,TEX,C,6,1,CF,OF,MODAL(last10),4.56,6.64,6.34,3.73,0.042,0.029,31.0,96,9,0.8,0.073,0.292,0.687,2.69,False,694497,False,1,2,182,164
Corey Seager,TEX,C,2,2,SS,IF,MODAL(last10),5.31,7.73,7.93,9.0,0.095,0.065,26.0,74,2,0.93,0.176,0.203,0.687,2.69,False,608369,True,2,2,155,165
Justin Foscue,TEX,C,1,2,2B,IF,MODAL(last10),5.02,7.3,7.24,5.8,0.122,0.084,33.0,41,6,0.6,0.171,0.317,0.687,2.69,False,679822,False,3,2,167,166
Cody Freeman,TEX,C,8,3,3B,IF,MODAL(last10),4.82,7.02,6.07,6.07,0.0,0.0,17.0,14,8,0.73,0.071,0.071,0.687,2.69,False,683227,False,4,2,175,167
Danny Jansen,TEX,C,7,3,C,IF,MODAL(last10),4.57,6.65,5.98,6.47,0.048,0.033,27.0,42,7,0.4,0.119,0.31,0.687,2.69,False,643376,False,4,2,180,168
Max Muncy,LAD,C,4,1,3B,IF,MODAL(last10),5.19,8.45,8.83,9.2,0.088,0.054,49.0,113,4,0.8,0.221,0.195,0.614,2.51,False,571970,True,1,2,159,169
Tommy Edman,LAD,C,5,1,2B,IF,MODAL(last10),4.72,7.69,7.94,6.93,0.077,0.047,31.0,52,5,0.87,0.058,0.173,0.614,2.51,False,669242,False,1,2,176,170
Kyle Tucker,LAD,C,6,1,RF,OF,MODAL(last10),4.68,7.63,7.72,5.8,0.081,0.05,26.0,123,6,0.87,0.089,0.195,0.614,2.51,False,663656,False,1,2,178,171
Mookie Betts,LAD,C,3,1,SS,IF,MODAL(last10),4.57,7.44,7.47,8.73,0.103,0.063,38.0,97,3,0.93,0.165,0.216,0.614,2.51,False,605141,False,1,2,181,172
Shohei Ohtani,LAD,C,1,2,DH,DH?,MODAL(last10),6.07,9.89,10.7,9.73,0.152,0.093,40.0,125,1,1.0,0.24,0.12,0.614,2.51,False,660271,True,2,2,117,173
Freddie Freeman,LAD,C,2,2,1B,IF,MODAL(last10),5.01,8.16,8.41,6.33,0.098,0.06,30.0,132,2,0.93,0.114,0.136,0.614,2.51,False,518692,False,3,2,168,174
Teoscar Hernández,LAD,C,8,3,LF,OF,MODAL(last10),4.32,7.03,6.9,3.93,0.093,0.057,35.0,97,8,0.93,0.113,0.32,0.614,2.51,False,606192,False,4,2,189,175
Alek Thomas,LAD,C,8,3,CF,OF,MODAL(last10),4.1,6.67,5.85,5.2,0.03,0.018,25.0,33,8,0.33,0.061,0.394,0.614,2.51,False,677950,False,4,2,194,176
Hunter Feduccia,LAD,C,9,3,C,IF,MODAL(last10),3.46,5.64,4.58,4.93,0.0,0.0,19.0,65,9,0.67,0.046,0.277,0.614,2.51,False,676439,False,4,2,196,177
Ty France,SD,C,4,1,1B,IF,MODAL(last10),5.99,8.25,8.63,8.0,0.096,0.07,40.0,94,4,1.0,0.202,0.191,0.726,2.49,False,664034,True,1,2,121,178
Jackson Merrill,SD,C,5,1,CF,OF,MODAL(last10),5.87,8.09,8.31,7.6,0.084,0.061,42.0,131,5,1.0,0.168,0.267,0.726,2.49,False,701538,False,1,2,124,179
Manny Machado,SD,C,3,1,3B,IF,MODAL(last10),5.58,7.69,7.79,6.53,0.098,0.071,34.0,133,3,1.0,0.18,0.226,0.726,2.49,False,592518,True,1,2,139,180
Luis Rengifo,SD,C,6,1,2B,IF,MODAL(last10),4.99,6.87,6.63,6.6,0.037,0.027,23.0,81,6,0.87,0.037,0.21,0.726,2.49,False,650859,False,1,2,169,181
Fernando Tatis Jr.,SD,C,1,2,RF,OF,MODAL(last10),6.45,8.89,9.36,12.2,0.122,0.089,42.0,131,1,0.93,0.13,0.137,0.726,2.49,False,665487,False,3,2,104,182
Jake Cronenworth,SD,C,2,2,2B,IF,MODAL(last10),4.84,6.67,6.32,7.13,0.012,0.009,20.0,80,2,1.0,0.05,0.25,0.726,2.49,False,630105,False,3,2,174,183
Xander Bogaerts,SD,C,8,3,SS,IF,MODAL(last10),4.96,6.83,6.67,6.87,0.039,0.028,33.0,127,8,0.93,0.079,0.228,0.726,2.49,False,593428,False,4,2,170,184
Gavin Sheets,SD,C,7,3,DH,DH?,MODAL(last10),4.86,6.69,6.43,4.87,0.067,0.049,44.0,104,7,0.6,0.125,0.26,0.726,2.49,False,657757,False,4,2,173,185
Freddy Fermin,SD,C,8,3,C,IF,MODAL(last10),4.21,5.8,4.85,5.4,0.031,0.023,24.0,65,8,0.6,0.062,0.292,0.726,2.49,False,666023,False,4,2,192,186
Jac Caglianone,KC,C,3,1,RF,OF,MODAL(last10),5.4,8.18,8.46,12.2,0.102,0.067,44.0,118,3,0.8,0.186,0.203,0.66,2.21,False,695506,True,1,2,149,187
Vinnie Pasquantino,KC,C,5,1,1B,IF,MODAL(last10),5.04,7.64,7.78,10.73,0.067,0.044,29.0,89,5,0.67,0.101,0.157,0.66,2.21,False,686469,False,1,2,166,188
Salvador Perez,KC,C,4,1,1B,IF,MODAL(last10),4.52,6.85,6.69,7.8,0.071,0.047,26.0,127,4,0.93,0.142,0.268,0.66,2.21,False,521692,False,1,2,185,189
Carter Jensen,KC,C,1,2,DH,DH?,MODAL(last10),5.15,7.81,7.97,8.0,0.069,0.046,33.0,116,1,0.8,0.164,0.233,0.66,2.21,False,695600,True,2,2,160,190
Bobby Witt Jr.,KC,C,2,2,SS,IF,MODAL(last10),6.08,9.21,9.84,12.07,0.119,0.079,40.0,118,2,1.0,0.136,0.11,0.66,2.21,False,677951,False,3,2,116,191
Nick Loftin,KC,C,1,2,2B,IF,MODAL(last10),4.55,6.89,6.67,7.27,0.074,0.049,33.0,81,6,0.87,0.074,0.259,0.66,2.21,False,679845,False,3,2,183,192
Tyler Tolbert,KC,C,8,3,CF,OF,MODAL(last10),4.96,7.52,7.72,8.0,0.094,0.062,38.0,32,7,0.47,0.094,0.281,0.66,2.21,False,686475,False,4,2,171,193
Michael Massey,KC,C,7,3,2B,IF,MODAL(last10),4.54,6.88,6.68,7.27,0.062,0.041,27.0,96,7,0.6,0.104,0.24,0.66,2.21,False,686681,False,4,2,184,194
Isaac Collins,KC,C,7,3,LF,OF,MODAL(last10),4.49,6.81,6.61,5.6,0.027,0.018,29.0,111,7,0.8,0.054,0.225,0.66,2.21,False,686555,False,4,2,187,195
Kyle Isbel,KC,C,9,3,CF,OF,MODAL(last10),4.18,6.33,5.76,7.73,0.056,0.037,33.0,71,9,0.73,0.085,0.31,0.66,2.21,False,664728,False,4,2,193,196
