date,game_pk,status,team,opp,home,team_runs,opp_runs,player_id,player,pos,bat_slot,bat_starter,kind,pa,ab,h,2b,3b,hr,r,rbi,bb,hbp,sb,k,ip,er,win,qs,started,ud_pts
2026-05-30,824593,Final,CWS,DET,1,7,1,641743,Anthony Kay,P,,0,P,,,6,,,1,1,,1,0,,3,5.0,1,1,0,1,9.0
2026-05-30,824593,Final,CWS,DET,1,7,1,682668,Luisangel Acuña,SS,7,1,H,4,4,0,0,0,0,0,0,0,0,0,1,,,,,,0
2026-05-30,824593,Final,CWS,DET,1,7,1,545341,Randal Grichuk,RF,4,1,H,4,4,0,0,0,0,0,0,0,0,0,1,,,,,,0
2026-05-30,824593,Final,CWS,DET,1,7,1,805367,Chase Meidroth,2B,1,1,H,4,4,1,1,0,0,1,0,0,0,0,0,,,,,,8
2026-05-30,824593,Final,CWS,DET,1,7,1,691799,Grant Taylor,P,,0,P,,,0,,,0,0,,0,0,,4,2.0,0,0,0,0,6.0
2026-05-30,824593,Final,CWS,DET,1,7,1,807747,Rikuu Nishida,RF,9,1,H,3,3,1,0,0,0,0,1,0,0,0,0,,,,,,5
2026-05-30,824593,Final,CWS,DET,1,7,1,695657,Colson Montgomery,3B,3,1,H,4,3,2,1,0,1,1,1,1,0,0,0,,,,,,23
2026-05-30,824593,Final,CWS,DET,1,7,1,670950,Trevor Richards,P,,0,P,,,1,,,0,0,,0,0,,1,1.0,0,0,0,0,2.0
2026-05-30,824593,Final,CWS,DET,1,7,1,622554,Seranthony Domínguez,P,,0,P,,,0,,,0,0,,0,0,,1,1.0,0,0,0,0,2.0
2026-05-30,824593,Final,CWS,DET,1,7,1,700337,Edgar Quero,C,5,1,H,4,3,2,0,0,1,2,2,0,0,0,0,,,,,,21
2026-05-30,824593,Final,CWS,DET,1,7,1,643217,Andrew Benintendi,DH,6,1,H,4,4,2,1,0,1,2,2,0,0,0,2,,,,,,24
2026-05-30,824593,Final,CWS,DET,1,7,1,803011,Sam Antonacci,LF,8,1,H,3,3,0,0,0,0,0,0,0,0,0,2,,,,,,0
2026-05-30,824593,Final,CWS,DET,1,7,1,678246,Miguel Vargas,1B,2,1,H,4,3,1,0,0,0,1,0,1,0,0,1,,,,,,8
2026-05-30,824593,Final,DET,CWS,0,1,7,664285,Framber Valdez,P,,0,P,,,6,,,1,4,,2,0,,4,6.67,4,0,0,1,6.67
2026-05-30,824593,Final,DET,CWS,0,1,7,669398,Gage Workman,3B,3,0,H,1,1,0,0,0,0,0,0,0,0,0,0,,,,,,0
2026-05-30,824593,Final,DET,CWS,0,1,7,656716,Zach McKinstry,RF,9,0,H,1,1,0,0,0,0,0,0,0,0,0,1,,,,,,0
2026-05-30,824593,Final,DET,CWS,0,1,7,701678,Hao-Yu Lee,2B,8,1,H,4,4,1,0,0,0,0,0,0,0,0,2,,,,,,3
2026-05-30,824593,Final,DET,CWS,0,1,7,689225,Beau Brieske,P,,0,P,,,3,,,2,3,,0,0,,3,1.33,3,0,0,0,1.33
2026-05-30,824593,Final,DET,CWS,0,1,7,663330,Jahmai Jones,DH,6,1,H,2,2,0,0,0,0,0,0,0,0,0,0,,,,,,0
2026-05-30,824593,Final,DET,CWS,0,1,7,682985,Riley Greene,LF,4,1,H,4,4,1,0,0,0,0,0,0,0,0,2,,,,,,3
2026-05-30,824593,Final,DET,CWS,0,1,7,805808,Kevin McGonigle,SS,1,1,H,4,4,1,0,0,0,0,0,0,0,0,1,,,,,,3
2026-05-30,824593,Final,DET,CWS,0,1,7,670097,Zack Short,SS,9,1,H,2,1,0,0,0,0,0,0,1,0,0,1,,,,,,3
2026-05-30,824593,Final,DET,CWS,0,1,7,679529,Spencer Torkelson,1B,5,1,H,4,4,2,0,0,0,0,0,0,0,0,1,,,,,,6
2026-05-30,824593,Final,DET,CWS,0,1,7,663837,Matt Vierling,CF,3,1,H,3,3,1,0,0,0,0,0,0,0,0,1,,,,,,3
2026-05-30,824593,Final,DET,CWS,0,1,7,693307,Dillon Dingler,C,2,1,H,4,4,0,0,0,0,0,0,0,0,0,0,,,,,,0
2026-05-30,824593,Final,DET,CWS,0,1,7,690993,Colt Keith,DH,6,0,H,2,2,0,0,0,0,0,0,0,0,0,0,,,,,,0
2026-05-30,824593,Final,DET,CWS,0,1,7,672761,Wenceel Pérez,CF,7,1,H,4,4,1,0,0,1,1,1,0,0,0,0,,,,,,14
2026-05-30,822731,Final,WSH,SD,1,9,4,682928,CJ Abrams,SS,4,1,H,4,4,1,0,0,0,1,0,0,0,0,1,,,,,,5
2026-05-30,822731,Final,WSH,SD,1,9,4,683083,Nasim Nuñez,2B,9,1,H,2,2,1,0,0,0,0,0,0,0,0,0,,,,,,3
2026-05-30,822731,Final,WSH,SD,1,9,4,665953,Andrés Chaparro,PH,5,0,H,1,0,0,0,0,0,0,0,1,0,0,0,,,,,,3
2026-05-30,822731,Final,WSH,SD,1,9,4,686452,Drew Millas,C,8,1,H,4,4,1,0,0,1,3,2,0,0,0,0,,,,,,20
2026-05-30,822731,Final,WSH,SD,1,9,4,678391,Jorbit Vivas,2B,6,1,H,4,3,1,0,0,0,1,0,1,0,0,0,,,,,,8
2026-05-30,822731,Final,WSH,SD,1,9,4,686611,Dylan Crews,RF,7,1,H,4,3,0,0,0,0,2,1,0,1,0,0,,,,,,9
2026-05-30,822731,Final,WSH,SD,1,9,4,690925,Clayton Beeter,P,1,0,P,,,0,,,0,0,,2,0,,1,1.33,0,0,0,0,2.33
2026-05-30,822731,Final,WSH,SD,1,9,4,695418,Brad Lord,P,,0,P,,,0,,,0,0,,1,0,,2,2.0,0,1,0,0,6.0
2026-05-30,822731,Final,WSH,SD,1,9,4,678554,Curtis Mead,3B,9,0,H,2,1,1,1,0,0,1,3,1,0,0,0,,,,,,17
2026-05-30,822731,Final,WSH,SD,1,9,4,695734,Daylen Lile,LF,3,1,H,4,4,0,0,0,0,0,1,0,0,0,0,,,,,,2
2026-05-30,822731,Final,WSH,SD,1,9,4,677588,José Tena,DH,5,1,H,3,3,0,0,0,0,1,0,0,0,0,1,,,,,,2
2026-05-30,822731,Final,WSH,SD,1,9,4,695578,James Wood,RF,1,1,H,5,5,1,0,0,0,0,0,0,0,0,2,,,,,,3
2026-05-30,822731,Final,WSH,SD,1,9,4,681402,Gus Varland,P,,0,P,,,1,,,0,1,,3,0,,1,0.67,1,0,0,0,0.67
2026-05-30,822731,Final,WSH,SD,1,9,4,656492,Foster Griffin,P,,0,P,,,5,,,3,3,,2,1,,5,5.0,3,0,0,1,7.0
2026-05-30,822731,Final,WSH,SD,1,9,4,671277,Luis García Jr.,1B,2,1,H,4,4,2,0,0,0,0,2,0,0,0,0,,,,,,10
2026-05-30,822731,Final,SD,WSH,0,4,9,650633,Michael King,P,,0,P,,,5,,,1,5,,1,1,,2,6.0,5,0,0,1,3.0
2026-05-30,822731,Final,SD,WSH,0,4,9,593974,Wandy Peralta,P,,0,P,,,2,,,0,2,,1,0,,0,1.0,2,0,0,0,-1.0
2026-05-30,822731,Final,SD,WSH,0,4,9,701538,Jackson Merrill,CF,5,1,H,4,3,0,0,0,0,0,0,1,0,0,1,,,,,,3
2026-05-30,822731,Final,SD,WSH,0,4,9,660710,Rodolfo Durán,C,9,1,H,4,3,0,0,0,0,0,0,1,0,0,2,,,,,,3
2026-05-30,822731,Final,SD,WSH,0,4,9,699134,Bradgley Rodriguez,P,,0,P,,,1,,,0,2,,1,0,,2,1.0,0,0,0,0,3.0
2026-05-30,822731,Final,SD,WSH,0,4,9,657757,Gavin Sheets,LF,2,1,H,5,3,0,0,0,0,0,0,2,0,0,1,,,,,,6
2026-05-30,822731,Final,SD,WSH,0,4,9,657656,Ramón Laureano,RF,8,1,H,4,3,0,0,0,0,0,0,1,0,0,1,,,,,,3
2026-05-30,822731,Final,SD,WSH,0,4,9,592518,Manny Machado,3B,4,1,H,4,4,2,1,0,1,1,2,0,0,0,1,,,,,,22
2026-05-30,822731,Final,SD,WSH,0,4,9,609280,Miguel Andujar,DH,3,1,H,5,3,0,0,0,0,1,0,1,1,0,1,,,,,,8
2026-05-30,822731,Final,SD,WSH,0,4,9,664034,Ty France,1B,7,1,H,4,3,1,0,0,0,0,0,1,0,0,0,,,,,,6
2026-05-30,822731,Final,SD,WSH,0,4,9,665487,Fernando Tatis Jr.,2B,1,1,H,5,5,2,0,0,1,1,1,0,0,0,2,,,,,,17
2026-05-30,822731,Final,SD,WSH,0,4,9,593428,Xander Bogaerts,SS,6,1,H,4,3,1,0,0,1,1,1,1,0,0,0,,,,,,17
2026-05-30,822893,Final,TEX,KC,1,7,6,677958,Kumar Rocker,P,,0,P,,,3,,,0,0,,3,0,,2,6.0,0,0,1,1,11.0
2026-05-30,822893,Final,TEX,KC,1,7,6,669394,Jake Burger,1B,4,1,H,5,5,3,1,0,0,2,1,0,0,0,2,,,,,,18
2026-05-30,822893,Final,TEX,KC,1,7,6,682608,Peyton Gray,P,,0,P,,,1,,,0,0,,0,0,,2,1.0,0,1,0,0,5.0
2026-05-30,822893,Final,TEX,KC,1,7,6,641302,Tyler Alexander,P,,0,P,,,3,,,0,3,,0,0,,1,0.33,3,0,0,0,-1.67
2026-05-30,822893,Final,TEX,KC,1,7,6,696030,Alejandro Osuna,LF,6,1,H,2,1,0,0,0,0,0,0,0,0,0,0,,,,,,0
2026-05-30,822893,Final,TEX,KC,1,7,6,592626,Joc Pederson,DH,1,1,H,5,5,1,0,0,1,1,1,0,0,0,2,,,,,,14
2026-05-30,822893,Final,TEX,KC,1,7,6,670032,Nicky Lopez,2B,8,1,H,3,3,2,0,0,0,0,1,0,0,0,0,,,,,,8
2026-05-30,822893,Final,TEX,KC,1,7,6,673962,Josh Jung,3B,2,1,H,5,5,3,0,0,1,2,1,0,0,0,0,,,,,,22
2026-05-30,822893,Final,TEX,KC,1,7,6,679822,Justin Foscue,2B,8,0,H,1,1,0,0,0,0,0,0,0,0,0,0,,,,,,0
2026-05-30,822893,Final,TEX,KC,1,7,6,677649,Ezequiel Duran,SS,5,1,H,5,4,1,0,0,0,1,1,1,0,0,1,,,,,,10
2026-05-30,822893,Final,TEX,KC,1,7,6,680737,Michael Helman,CF,9,1,H,4,4,1,0,0,0,0,0,0,0,0,1,,,,,,3
2026-05-30,822893,Final,TEX,KC,1,7,6,607043,Brandon Nimmo,RF,3,1,H,5,5,1,0,0,0,1,0,0,0,0,1,,,,,,5
2026-05-30,822893,Final,TEX,KC,1,7,6,664059,Sam Haggerty,LF,6,0,H,2,2,1,0,0,0,0,0,0,0,1,0,,,,,,7
2026-05-30,822893,Final,TEX,KC,1,7,6,643376,Danny Jansen,C,7,1,H,4,3,1,1,0,0,0,2,0,1,0,0,,,,,,13
2026-05-30,822893,Final,TEX,KC,1,7,6,596001,Jakob Junis,P,,0,P,,,3,,,0,1,,0,0,,2,0.67,1,0,0,0,1.67
2026-05-30,822893,Final,TEX,KC,1,7,6,455119,Chris Martin,P,,0,P,,,1,,,1,2,,1,0,,0,1.0,2,0,0,0,-1.0
2026-05-30,822893,Final,KC,TEX,0,6,7,695600,Carter Jensen,C,1,1,H,5,5,2,0,0,1,2,3,0,0,0,0,,,,,,23
2026-05-30,822893,Final,KC,TEX,0,6,7,686475,Tyler Tolbert,2B,3,0,H,1,1,0,0,0,0,0,0,0,0,0,1,,,,,,0
2026-05-30,822893,Final,KC,TEX,0,6,7,686555,Isaac Collins,LF,7,1,H,4,3,2,1,0,0,2,0,1,0,0,0,,,,,,16
2026-05-30,822893,Final,KC,TEX,0,6,7,521692,Salvador Perez,DH,5,1,H,5,5,0,0,0,0,0,0,0,0,0,1,,,,,,0
2026-05-30,822893,Final,KC,TEX,0,6,7,679845,Nick Loftin,3B,9,0,H,2,2,1,0,0,0,1,0,0,0,0,0,,,,,,5
2026-05-30,822893,Final,KC,TEX,0,6,7,668674,Lucas Erceg,P,,0,P,,,5,,,1,3,,0,0,,0,0.0,3,0,0,0,-3.0
2026-05-30,822893,Final,KC,TEX,0,6,7,686681,Michael Massey,2B,8,1,H,2,2,0,0,0,0,0,0,0,0,0,0,,,,,,0
2026-05-30,822893,Final,KC,TEX,0,6,7,686469,Vinnie Pasquantino,1B,4,1,H,5,3,2,1,0,0,0,1,2,0,0,1,,,,,,17
2026-05-30,822893,Final,KC,TEX,0,6,7,664728,Kyle Isbel,CF,9,1,H,2,2,1,0,0,0,0,0,0,0,0,0,,,,,,3
2026-05-30,822893,Final,KC,TEX,0,6,7,663738,Daniel Lynch IV,P,,0,P,,,2,,,0,1,,1,0,,0,0.67,1,0,0,0,-0.33
2026-05-30,822893,Final,KC,TEX,0,6,7,672580,Maikel Garcia,3B,3,1,H,4,4,1,0,0,0,0,1,0,0,0,0,,,,,,5
2026-05-30,822893,Final,KC,TEX,0,6,7,607625,Seth Lugo,P,,0,P,,,6,,,1,3,,0,1,,6,6.0,1,0,1,1,14.0
2026-05-30,822893,Final,KC,TEX,0,6,7,657041,Lane Thomas,CF,8,0,H,2,2,0,0,0,0,0,0,0,0,0,1,,,,,,0
2026-05-30,822893,Final,KC,TEX,0,6,7,656638,Alex Lange,P,,0,P,,,1,,,0,0,,0,0,,1,0.67,0,0,0,0,1.67
2026-05-30,822893,Final,KC,TEX,0,6,7,695506,Jac Caglianone,RF,6,1,H,5,5,1,0,0,0,0,0,0,0,0,2,,,,,,3
2026-05-30,822893,Final,KC,TEX,0,6,7,670167,John Schreiber,P,,0,P,,,0,,,0,0,,0,0,,0,0.67,0,0,0,0,0.67
2026-05-30,822893,Final,KC,TEX,0,6,7,677951,Bobby Witt Jr.,SS,2,1,H,5,4,1,0,0,0,1,1,1,0,0,1,,,,,,10
2026-05-30,824833,Final,BAL,TOR,1,6,5,669236,Jeremiah Jackson,RF,9,1,H,2,1,0,0,0,0,1,0,1,0,0,0,,,,,,5
2026-05-30,824833,Final,BAL,TOR,1,6,5,669211,Keegan Akin,P,,0,P,,,1,,,0,0,,1,0,,1,1.0,0,0,0,0,2.0
2026-05-30,824833,Final,BAL,TOR,1,6,5,694212,Samuel Basallo,DH,5,1,H,4,2,1,0,0,0,0,0,2,0,0,1,,,,,,9
2026-05-30,824833,Final,BAL,TOR,1,6,5,687064,Brandon Young,P,,0,P,,,7,,,0,2,,1,1,,7,6.67,2,0,1,1,14.67
2026-05-30,824833,Final,BAL,TOR,1,6,5,683002,Gunnar Henderson,SS,2,1,H,5,4,1,0,0,0,0,2,1,0,0,0,,,,,,10
2026-05-30,824833,Final,BAL,TOR,1,6,5,665750,Leody Taveras,CF,7,1,H,4,3,1,0,1,0,1,1,0,0,0,1,,,,,,12
2026-05-30,824833,Final,BAL,TOR,1,6,5,621493,Taylor Ward,LF,1,1,H,5,2,0,0,0,0,1,0,3,0,0,1,,,,,,11
2026-05-30,824833,Final,BAL,TOR,1,6,5,544150,Albert Suárez,P,,0,P,,,1,,,0,1,,1,0,,0,1.0,0,1,0,0,3.0
2026-05-30,824833,Final,BAL,TOR,1,6,5,668939,Adley Rutschman,C,3,1,H,5,3,0,0,0,0,0,1,2,0,0,1,,,,,,8
2026-05-30,824833,Final,BAL,TOR,1,6,5,689296,Anthony Nunez,P,,0,P,,,2,,,0,2,,0,0,,1,0.33,2,0,0,0,-0.67
2026-05-30,824833,Final,BAL,TOR,1,6,5,624413,Pete Alonso,1B,4,1,H,5,4,1,0,0,0,0,1,1,0,0,1,,,,,,8
2026-05-30,824833,Final,BAL,TOR,1,6,5,702616,Jackson Holliday,2B,8,1,H,4,3,1,0,0,0,1,1,1,0,0,1,,,,,,10
2026-05-30,824833,Final,BAL,TOR,1,6,5,681297,Colton Cowser,RF,9,0,H,2,2,1,1,0,0,1,0,0,0,0,0,,,,,,8
2026-05-30,824833,Final,BAL,TOR,1,6,5,691723,Coby Mayo,3B,6,1,H,4,3,1,0,0,0,1,0,0,1,0,1,,,,,,8
2026-05-30,824833,Final,TOR,BAL,0,5,6,686973,Louis Varland,P,,0,P,,,0,,,0,0,,0,0,,1,1.0,0,0,0,0,2.0
2026-05-30,824833,Final,TOR,BAL,0,5,6,676391,Ernie Clement,2B,7,1,H,4,4,2,0,0,0,0,1,0,0,0,0,,,,,,8
2026-05-30,824833,Final,TOR,BAL,0,5,6,662139,Daulton Varsho,CF,4,1,H,5,5,1,1,0,0,0,0,0,0,0,1,,,,,,6
2026-05-30,824833,Final,TOR,BAL,0,5,6,665926,Andrés Giménez,SS,8,1,H,4,4,0,0,0,0,0,0,0,0,0,1,,,,,,0
2026-05-30,824833,Final,TOR,BAL,0,5,6,656546,Jeff Hoffman,P,,0,P,,,3,,,0,5,,2,1,,1,0.33,5,0,0,0,-3.67
2026-05-30,824833,Final,TOR,BAL,0,5,6,657756,Connor Seabold,P,,0,P,,,1,,,0,0,,1,0,,0,0.0,0,0,0,0,0.0
2026-05-30,824833,Final,TOR,BAL,0,5,6,702056,Trey Yesavage,P,,0,P,,,2,,,0,1,,7,0,,4,5.0,1,0,0,1,8.0
2026-05-30,824833,Final,TOR,BAL,0,5,6,664770,Nathan Lukes,RF,2,1,H,5,3,1,0,0,0,2,0,2,0,0,1,,,,,,13
2026-05-30,824833,Final,TOR,BAL,0,5,6,543807,George Springer,DH,1,1,H,5,5,1,0,0,0,0,0,0,0,0,2,,,,,,3
2026-05-30,824833,Final,TOR,BAL,0,5,6,684320,Yariel Rodríguez,P,,0,P,,,1,,,0,0,,1,0,,1,1.0,0,0,0,0,2.0
2026-05-30,824833,Final,TOR,BAL,0,5,6,623168,Tyler Heineman,C,9,1,H,4,3,0,0,0,0,0,0,0,1,0,1,,,,,,3
2026-05-30,824833,Final,TOR,BAL,0,5,6,643511,Tyler Rogers,P,,0,P,,,0,,,0,0,,0,0,,0,1.0,0,0,0,0,1.0
2026-05-30,824833,Final,TOR,BAL,0,5,6,665489,Vladimir Guerrero Jr.,1B,3,1,H,5,5,4,1,0,0,2,0,0,0,0,0,,,,,,19
2026-05-30,824833,Final,TOR,BAL,0,5,6,660821,Jesús Sánchez,RF,6,1,H,3,3,1,1,0,0,1,1,0,0,0,1,,,,,,10
2026-05-30,824833,Final,TOR,BAL,0,5,6,664702,Myles Straw,LF,6,0,H,1,0,0,0,0,0,0,0,1,0,0,0,,,,,,3
2026-05-30,824833,Final,TOR,BAL,0,5,6,672960,Kazuma Okamoto,3B,5,1,H,4,4,1,1,0,0,0,2,0,0,0,2,,,,,,10
2026-05-30,823375,Final,PIT,MIN,1,10,9,687462,Spencer Horwitz,1B,1,1,H,5,5,2,0,0,1,2,1,0,0,0,0,,,,,,19
2026-05-30,823375,Final,PIT,MIN,1,10,9,664040,Brandon Lowe,2B,2,1,H,3,3,1,0,0,0,1,0,0,0,0,0,,,,,,5
2026-05-30,823375,Final,PIT,MIN,1,10,9,682848,Endy Rodríguez,C,7,1,H,5,3,0,0,0,0,1,0,1,0,1,0,,,,,,9
2026-05-30,823375,Final,PIT,MIN,1,10,9,668804,Bryan Reynolds,RF,3,1,H,5,2,2,0,0,0,1,1,2,0,0,0,,,,,,16
2026-05-30,823375,Final,PIT,MIN,1,10,9,665833,Oneil Cruz,CF,5,1,H,5,4,1,0,0,1,1,3,1,0,2,1,,,,,,29
2026-05-30,823375,Final,PIT,MIN,1,10,9,681895,Evan Sisk,P,,0,P,,,0,,,0,0,,1,0,,2,1.33,0,0,0,0,3.33
2026-05-30,823375,Final,PIT,MIN,1,10,9,642397,Gregory Soto,P,,0,P,,,0,,,0,0,,1,0,,0,1.33,0,0,0,0,1.33
2026-05-30,823375,Final,PIT,MIN,1,10,9,682254,Mason Montgomery,P,,0,P,,,2,,,0,2,,2,0,,0,0.67,2,0,0,0,-1.33
2026-05-30,823375,Final,PIT,MIN,1,10,9,669707,Jared Triolo,SS,9,1,H,5,5,1,0,0,0,0,1,0,0,1,1,,,,,,9
2026-05-30,823375,Final,PIT,MIN,1,10,9,663968,Jake Mangum,LF,8,1,H,5,4,3,0,0,1,2,2,1,0,1,0,,,,,,31
2026-05-30,823375,Final,PIT,MIN,1,10,9,656605,Mitch Keller,P,,0,P,,,10,,,0,7,,1,0,,5,4.0,7,0,0,1,2.0
2026-05-30,823375,Final,PIT,MIN,1,10,9,670990,Yohan Ramírez,P,,0,P,,,0,,,0,0,,0,0,,1,1.0,0,1,0,0,4.0
2026-05-30,823375,Final,PIT,MIN,1,10,9,642701,Dennis Santana,P,,0,P,,,0,,,0,0,,0,0,,2,0.67,0,0,0,0,2.67
2026-05-30,823375,Final,PIT,MIN,1,10,9,682997,Tyler Callihan,2B,2,0,H,2,1,0,0,0,0,0,0,1,0,0,0,,,,,,3
2026-05-30,823375,Final,PIT,MIN,1,10,9,804606,Konnor Griffin,DH,6,1,H,5,5,2,1,0,0,1,0,0,0,0,2,,,,,,11
2026-05-30,823375,Final,PIT,MIN,1,10,9,693304,Nick Gonzales,3B,4,1,H,5,5,3,0,0,0,1,2,0,0,0,0,,,,,,15
2026-05-30,823375,Final,MIN,PIT,0,9,10,605170,Victor Caratini,C,6,1,H,5,4,1,1,0,0,0,1,1,0,0,1,,,,,,11
2026-05-30,823375,Final,MIN,PIT,0,9,10,665019,Kody Clemens,LF,4,1,H,5,5,3,1,1,0,1,2,0,0,0,0,,,,,,23
2026-05-30,823375,Final,MIN,PIT,0,9,10,686797,Brooks Lee,3B,2,0,H,1,0,0,0,0,0,0,1,1,0,0,0,,,,,,5
2026-05-30,823375,Final,MIN,PIT,0,9,10,668885,Austin Martin,RF,5,1,H,5,5,0,0,0,0,0,0,0,0,0,2,,,,,,0
2026-05-30,823375,Final,MIN,PIT,0,9,10,656484,Tristan Gray,SS,9,1,H,3,3,1,1,0,0,1,2,0,0,0,1,,,,,,12
2026-05-30,823375,Final,MIN,PIT,0,9,10,804619,John Klein,P,,0,P,,,1,,,0,0,,3,0,,1,2.0,0,0,0,0,3.0
2026-05-30,823375,Final,MIN,PIT,0,9,10,605137,Josh Bell,1B,3,1,H,5,5,1,1,0,0,1,3,0,0,0,2,,,,,,14
2026-05-30,823375,Final,MIN,PIT,0,9,10,668952,Ryan Kreidler,CF,9,0,H,1,0,0,0,0,0,1,0,1,0,0,0,,,,,,5
2026-05-30,823375,Final,MIN,PIT,0,9,10,641927,Bailey Ober,P,,0,P,,,12,,,3,8,,1,0,,3,4.67,7,0,0,1,0.67
2026-05-30,823375,Final,MIN,PIT,0,9,10,681892,Kody Funderburk,P,,0,P,,,2,,,0,2,,2,0,,0,1.33,2,0,0,0,-0.67
2026-05-30,823375,Final,MIN,PIT,0,9,10,606115,Orlando Arcia,SS,7,1,H,5,5,1,0,0,0,1,0,0,0,0,0,,,,,,5
2026-05-30,823375,Final,MIN,PIT,0,9,10,663616,Trevor Larnach,LF,2,1,H,4,3,0,0,0,0,0,0,1,0,0,1,,,,,,3
2026-05-30,823375,Final,MIN,PIT,0,9,10,621439,Byron Buxton,DH,1,1,H,5,4,2,0,0,0,2,0,1,0,0,2,,,,,,13
2026-05-30,823375,Final,MIN,PIT,0,9,10,807712,Luke Keaschall,2B,8,1,H,5,5,3,0,0,0,2,0,0,0,0,1,,,,,,13
2026-05-30,824431,Final,CLE,BOS,1,1,9,542888,Shawn Armstrong,P,,0,P,,,2,,,0,1,,0,0,,1,1.0,1,0,0,0,1.0
2026-05-30,824431,Final,CLE,BOS,1,1,9,702021,Will Dion,P,,0,P,,,2,,,1,6,,2,1,,2,1.0,2,0,0,0,1.0
2026-05-30,824431,Final,CLE,BOS,1,1,9,800050,Chase DeLauter,DH,3,1,H,4,4,0,0,0,0,0,0,0,0,0,0,,,,,,0
2026-05-30,824431,Final,CLE,BOS,1,1,9,595978,Austin Hedges,C,8,1,H,4,3,1,0,0,0,0,0,1,0,0,0,,,,,,6
2026-05-30,824431,Final,CLE,BOS,1,1,9,683953,Travis Bazzana,2B,1,1,H,4,4,2,2,0,0,1,0,0,0,0,0,,,,,,14
2026-05-30,824431,Final,CLE,BOS,1,1,9,676051,Codi Heuer,P,,0,P,,,1,,,0,0,,0,1,,1,1.33,0,0,0,0,2.33
2026-05-30,824431,Final,CLE,BOS,1,1,9,682177,Daniel Schneemann,CF,6,1,H,3,3,0,0,0,0,0,0,0,0,0,2,,,,,,0
2026-05-30,824431,Final,CLE,BOS,1,1,9,677587,Brayan Rocchio,SS,9,1,H,4,3,0,0,0,0,0,0,1,0,0,0,,,,,,3
2026-05-30,824431,Final,CLE,BOS,1,1,9,690984,Petey Halpin,CF,7,1,H,4,4,2,1,0,0,0,0,0,0,0,2,,,,,,9
2026-05-30,824431,Final,CLE,BOS,1,1,9,670036,Matt Festa,P,,0,P,,,1,,,0,1,,1,0,,2,0.67,1,0,0,0,1.67
2026-05-30,824431,Final,CLE,BOS,1,1,9,681807,David Fry,RF,6,0,H,1,1,0,0,0,0,0,0,0,0,0,1,,,,,,0
2026-05-30,824431,Final,CLE,BOS,1,1,9,608070,José Ramírez,3B,2,1,H,4,3,1,1,0,0,0,1,1,0,0,0,,,,,,11
2026-05-30,824431,Final,CLE,BOS,1,1,9,682657,Angel Martínez,LF,5,1,H,2,2,0,0,0,0,0,0,0,0,0,2,,,,,,0
2026-05-30,824431,Final,CLE,BOS,1,1,9,700932,Kyle Manzardo,1B,4,1,H,3,3,0,0,0,0,0,0,0,0,0,2,,,,,,0
2026-05-30,824431,Final,CLE,BOS,1,1,9,800048,Parker Messick,P,,0,P,,,5,,,0,1,,2,0,,4,5.0,1,0,0,1,8.0
2026-05-30,824431,Final,CLE,BOS,1,1,9,656413,Stuart Fairchild,LF,5,0,H,2,2,0,0,0,0,0,0,0,0,0,2,,,,,,0
2026-05-30,824431,Final,CLE,BOS,1,1,9,656555,Rhys Hoskins,1B,4,0,H,1,0,0,0,0,0,0,0,1,0,0,0,,,,,,3
2026-05-30,824431,Final,BOS,CLE,0,9,1,575929,Willson Contreras,1B,4,1,H,5,3,0,0,0,0,1,0,1,1,0,1,,,,,,8
2026-05-30,824431,Final,BOS,CLE,0,9,1,594027,Tyron Guerrero,P,,0,P,,,1,,,0,0,,0,0,,1,0.67,0,0,0,0,1.67
2026-05-30,824431,Final,BOS,CLE,0,9,1,657136,Connor Wong,C,8,1,H,5,5,2,1,0,0,1,3,0,0,0,0,,,,,,17
2026-05-30,824431,Final,BOS,CLE,0,9,1,677800,Wilyer Abreu,RF,3,1,H,5,4,1,1,0,0,1,0,1,0,0,1,,,,,,11
2026-05-30,824431,Final,BOS,CLE,0,9,1,543243,Sonny Gray,P,,0,P,,,4,,,0,1,,3,0,,7,6.0,1,1,1,1,17.0
2026-05-30,824431,Final,BOS,CLE,0,9,1,655316,Andruw Monasterio,DH,6,1,H,3,3,1,1,0,0,1,0,0,0,0,1,,,,,,8
2026-05-30,824431,Final,BOS,CLE,0,9,1,643396,Isiah Kiner-Falefa,2B,7,1,H,5,5,2,0,0,0,1,0,0,0,0,2,,,,,,8
2026-05-30,824431,Final,BOS,CLE,0,9,1,686580,Justin Slaten,P,,0,P,,,1,,,0,0,,1,0,,2,1.33,0,0,0,0,3.33
2026-05-30,824431,Final,BOS,CLE,0,9,1,702332,Caleb Durbin,3B,9,1,H,5,4,2,1,0,0,0,2,0,0,0,0,,,,,,13
2026-05-30,824431,Final,BOS,CLE,0,9,1,680776,Jarren Duran,LF,1,1,H,6,6,2,0,0,1,1,3,0,0,0,3,,,,,,21
2026-05-30,824431,Final,BOS,CLE,0,9,1,686765,Nick Sogard,2B,5,1,H,2,2,0,0,0,0,0,0,0,0,0,0,,,,,,0
2026-05-30,824431,Final,BOS,CLE,0,9,1,678882,Ceddanne Rafaela,CF,2,1,H,6,5,1,1,0,0,0,0,1,0,2,2,,,,,,17
2026-05-30,824431,Final,BOS,CLE,0,9,1,807799,Masataka Yoshida,DH,6,0,H,2,1,0,0,0,0,1,1,1,0,0,0,,,,,,7
2026-05-30,824431,Final,BOS,CLE,0,9,1,543056,Danny Coulombe,P,,0,P,,,0,,,0,0,,0,0,,1,1.0,0,0,0,0,2.0
2026-05-30,824431,Final,BOS,CLE,0,9,1,691785,Marcelo Mayer,SS,5,0,H,3,1,0,0,0,0,2,0,1,1,0,0,,,,,,10
2026-05-30,822975,Final,TB,LAA,1,3,14,670764,Taylor Walls,SS,9,1,H,4,3,0,0,0,0,0,0,1,0,0,2,,,,,,3
2026-05-30,822975,Final,TB,LAA,1,3,14,668723,Ryan Vilade,RF,4,1,H,3,3,0,0,0,0,0,1,0,0,0,1,,,,,,2
2026-05-30,822975,Final,TB,LAA,1,3,14,668984,Casey Legumina,P,,0,P,,,2,,,1,1,,0,0,,0,1.0,1,0,0,0,0.0
2026-05-30,822975,Final,TB,LAA,1,3,14,802415,Chandler Simpson,LF,5,1,H,5,4,0,0,0,0,0,0,1,0,0,2,,,,,,3
2026-05-30,822975,Final,TB,LAA,1,3,14,693855,Ian Seymour,P,,0,P,,,0,,,0,1,,2,0,,1,1.0,1,0,0,0,1.0
2026-05-30,822975,Final,TB,LAA,1,3,14,642121,Cole Sulser,P,,0,P,,,3,,,1,2,,0,0,,1,0.33,2,0,0,0,-0.67
2026-05-30,822975,Final,TB,LAA,1,3,14,664076,Garrett Cleavinger,P,,0,P,,,0,,,0,0,,0,0,,0,1.0,0,0,0,0,1.0
2026-05-30,822975,Final,TB,LAA,1,3,14,681806,Andrew Wantz,P,,0,P,,,2,,,1,5,,2,2,,1,1.67,5,0,0,0,-2.33
2026-05-30,822975,Final,TB,LAA,1,3,14,666018,Jonathan Aranda,1B,2,1,H,5,3,1,0,0,0,1,0,2,0,0,0,,,,,,11
2026-05-30,822975,Final,TB,LAA,1,3,14,663743,Nick Fortes,C,7,1,H,4,4,0,0,0,0,0,0,0,0,0,0,,,,,,0
2026-05-30,822975,Final,TB,LAA,1,3,14,650490,Yandy Díaz,DH,1,1,H,5,4,2,0,0,1,2,1,1,0,0,1,,,,,,22
2026-05-30,822975,Final,TB,LAA,1,3,14,810938,Ben Williamson,2B,6,1,H,4,4,0,0,0,0,0,0,0,0,0,3,,,,,,0
2026-05-30,822975,Final,TB,LAA,1,3,14,683748,Victor Mesa Jr.,RF,4,0,H,2,2,0,0,0,0,0,0,0,0,0,1,,,,,,0
2026-05-30,822975,Final,TB,LAA,1,3,14,691406,Junior Caminero,3B,3,1,H,5,3,2,2,0,0,0,1,2,0,0,1,,,,,,20
2026-05-30,822975,Final,TB,LAA,1,3,14,656876,Drew Rasmussen,P,,0,P,,,4,,,1,5,,2,0,,4,4.0,5,0,0,1,3.0
2026-05-30,822975,Final,TB,LAA,1,3,14,656775,Cedric Mullins,CF,8,1,H,4,3,1,1,0,0,0,0,1,0,0,0,,,,,,9
2026-05-30,822975,Final,LAA,TB,0,14,3,624428,Adam Frazier,2B,1,0,H,1,1,0,0,0,0,1,0,0,0,0,1,,,,,,2
2026-05-30,822975,Final,LAA,TB,0,14,3,672724,Oswald Peraza,SS,7,1,H,5,5,2,0,0,1,1,1,0,0,1,2,,,,,,21
2026-05-30,822975,Final,LAA,TB,0,14,3,642350,Jose Siri,LF,5,0,H,1,1,0,0,0,0,1,1,0,0,0,0,,,,,,4
2026-05-30,822975,Final,LAA,TB,0,14,3,622268,Donovan Walton,3B,8,1,H,5,5,2,1,0,0,1,1,0,0,0,1,,,,,,13
2026-05-30,822975,Final,LAA,TB,0,14,3,687263,Zach Neto,SS,1,1,H,4,3,0,0,0,0,1,0,1,0,1,1,,,,,,9
2026-05-30,822975,Final,LAA,TB,0,14,3,624585,Jorge Soler,DH,4,1,H,5,4,0,0,0,0,1,0,1,0,0,1,,,,,,5
2026-05-30,822975,Final,LAA,TB,0,14,3,663611,Nick Madrigal,2B,1,0,H,1,0,0,0,0,0,0,0,0,1,0,0,,,,,,3
2026-05-30,822975,Final,LAA,TB,0,14,3,681217,Chase Silseth,P,,0,P,,,1,,,0,0,,0,0,,1,1.0,0,0,0,0,2.0
2026-05-30,822975,Final,LAA,TB,0,14,3,519141,Drew Pomeranz,P,,0,P,,,0,,,0,0,,2,0,,1,1.0,0,0,0,0,2.0
2026-05-30,822975,Final,LAA,TB,0,14,3,545361,Mike Trout,CF,2,1,H,5,3,2,0,0,1,3,1,2,0,0,0,,,,,,27
2026-05-30,822975,Final,LAA,TB,0,14,3,820862,José Fermin,P,,0,P,,,0,,,0,0,,2,0,,1,0.67,0,0,0,0,1.67
2026-05-30,822975,Final,LAA,TB,0,14,3,666176,Jo Adell,RF,6,1,H,5,5,1,0,0,1,1,3,0,0,0,0,,,,,,18
2026-05-30,822975,Final,LAA,TB,0,14,3,687093,Vaughn Grissom,1B,3,1,H,5,3,1,0,0,0,1,1,1,1,0,0,,,,,,13
2026-05-30,822975,Final,LAA,TB,0,14,3,696147,Sam Bachman,P,,0,P,,,0,,,0,0,,1,0,,1,1.33,0,0,0,0,2.33
2026-05-30,822975,Final,LAA,TB,0,14,3,685133,Wade Meckler,LF,5,1,H,4,4,2,0,0,1,2,4,0,0,1,0,,,,,,29
2026-05-30,822975,Final,LAA,TB,0,14,3,665861,Sebastián Rivero,C,9,1,H,5,4,1,1,0,0,1,1,1,0,0,1,,,,,,13
2026-05-30,822975,Final,LAA,TB,0,14,3,672282,Reid Detmers,P,,0,P,,,5,,,1,3,,3,0,,7,5.0,3,1,0,1,11.0
2026-05-30,823622,Final,NYM,MIA,1,6,1,666182,Bo Bichette,3B,2,1,H,4,3,0,0,0,0,0,0,1,0,0,0,,,,,,3
2026-05-30,823622,Final,NYM,MIA,1,6,1,668901,Mark Vientos,1B,5,1,H,4,4,1,1,0,0,1,2,0,0,0,1,,,,,,12
2026-05-30,823622,Final,NYM,MIA,1,6,1,681810,Austin Warren,P,,0,P,,,1,,,0,0,,1,0,,2,1.0,0,0,0,0,3.0
2026-05-30,823622,Final,NYM,MIA,1,6,1,623211,Huascar Brazobán,P,,0,P,,,0,,,0,0,,0,0,,3,1.0,0,0,0,0,4.0
2026-05-30,823622,Final,NYM,MIA,1,6,1,701807,Carson Benge,RF,1,1,H,4,4,3,2,0,0,1,0,0,0,0,1,,,,,,17
2026-05-30,823622,Final,NYM,MIA,1,6,1,642207,Devin Williams,P,,0,P,,,0,,,0,0,,0,0,,1,1.0,0,0,0,0,2.0
2026-05-30,823622,Final,NYM,MIA,1,6,1,543760,Marcus Semien,2B,7,1,H,4,4,2,1,0,0,0,1,0,0,0,1,,,,,,11
2026-05-30,823622,Final,NYM,MIA,1,6,1,672335,Cionel Pérez,P,,0,P,,,0,,,0,0,,0,0,,1,1.0,0,0,0,0,2.0
2026-05-30,823622,Final,NYM,MIA,1,6,1,663584,Hayden Senger,C,9,1,H,3,3,1,0,0,1,1,1,0,0,0,0,,,,,,14
2026-05-30,823622,Final,NYM,MIA,1,6,1,665742,Juan Soto,LF,3,1,H,4,3,1,0,0,0,1,1,1,0,0,0,,,,,,10
2026-05-30,823622,Final,NYM,MIA,1,6,1,681035,Christian Scott,P,,0,P,,,5,,,0,1,,2,0,,8,5.0,1,1,0,1,14.0
2026-05-30,823622,Final,NYM,MIA,1,6,1,660644,Vidal Bruján,SS,8,1,H,4,3,0,0,0,0,0,0,0,0,0,0,,,,,,0
2026-05-30,823622,Final,NYM,MIA,1,6,1,676724,Jared Young,DH,4,1,H,4,4,2,0,0,1,2,1,0,0,0,1,,,,,,19
2026-05-30,823622,Final,NYM,MIA,1,6,1,805999,A.J. Ewing,CF,6,1,H,4,4,0,0,0,0,0,0,0,0,0,0,,,,,,0
2026-05-30,823622,Final,MIA,NYM,0,1,6,669199,Lake Bachar,P,,0,P,,,4,,,2,3,,1,0,,2,2.0,3,0,0,0,1.0
2026-05-30,823622,Final,MIA,NYM,0,1,6,669364,Xavier Edwards,2B,1,1,H,4,3,1,0,0,0,0,0,1,0,0,1,,,,,,6
2026-05-30,823622,Final,MIA,NYM,0,1,6,669065,Kyle Stowers,LF,4,1,H,4,4,0,0,0,0,0,0,0,0,0,2,,,,,,0
2026-05-30,823622,Final,MIA,NYM,0,1,6,689414,Liam Hicks,DH,2,1,H,4,4,3,0,0,0,0,1,0,0,0,0,,,,,,11
2026-05-30,823622,Final,MIA,NYM,0,1,6,666624,Christopher Morel,1B,8,1,H,4,3,0,0,0,0,1,0,1,0,0,3,,,,,,5
2026-05-30,823622,Final,MIA,NYM,0,1,6,687531,William Kempner,P,,0,P,,,0,,,0,0,,0,0,,0,1.0,0,0,0,0,1.0
2026-05-30,823622,Final,MIA,NYM,0,1,6,683357,Owen Caissie,RF,7,1,H,4,4,0,0,0,0,0,0,0,0,0,3,,,,,,0
2026-05-30,823622,Final,MIA,NYM,0,1,6,663969,Tyler Phillips,P,,0,P,,,6,,,0,3,,1,0,,2,5.0,3,0,0,1,4.0
2026-05-30,823622,Final,MIA,NYM,0,1,6,677870,Leo Jiménez,3B,6,1,H,4,3,1,0,0,0,0,0,1,0,0,0,,,,,,6
2026-05-30,823622,Final,MIA,NYM,0,1,6,691788,Joe Mack,C,9,1,H,3,3,0,0,0,0,0,0,0,0,0,2,,,,,,0
2026-05-30,823622,Final,MIA,NYM,0,1,6,805300,Jakob Marsee,CF,5,1,H,4,4,1,1,0,0,0,0,0,0,0,2,,,,,,6
2026-05-30,823622,Final,MIA,NYM,0,1,6,672640,Otto Lopez,SS,3,1,H,4,4,0,0,0,0,0,0,0,0,0,2,,,,,,0
2026-05-30,824190,Final,HOU,MIL,1,9,2,670623,Isaac Paredes,3B,5,1,H,4,3,1,1,0,0,0,2,1,0,0,1,,,,,,13
2026-05-30,824190,Final,HOU,MIL,1,9,2,669397,Nick Allen,2B,7,0,H,2,2,0,0,0,0,0,0,0,0,0,1,,,,,,0
2026-05-30,824190,Final,HOU,MIL,1,9,2,701358,Cam Smith,RF,6,1,H,4,4,1,0,0,0,1,0,0,0,0,1,,,,,,5
2026-05-30,824190,Final,HOU,MIL,1,9,2,669699,Braden Shewmake,2B,7,1,H,2,2,0,0,0,0,0,0,0,0,0,1,,,,,,0
2026-05-30,824190,Final,HOU,MIL,1,9,2,676694,Jake Meyers,CF,8,1,H,4,4,2,0,0,0,1,1,0,0,0,0,,,,,,10
2026-05-30,824190,Final,HOU,MIL,1,9,2,805123,AJ Blubaugh,P,,0,P,,,1,,,0,0,,0,0,,4,3.0,0,0,0,0,7.0
2026-05-30,824190,Final,HOU,MIL,1,9,2,701121,Logan VanWey,P,,0,P,,,0,,,0,0,,0,0,,2,1.0,0,0,0,0,3.0
2026-05-30,824190,Final,HOU,MIL,1,9,2,666211,Taylor Trammell,LF,4,1,H,5,4,1,0,0,0,1,1,0,1,0,1,,,,,,10
2026-05-30,824190,Final,HOU,MIL,1,9,2,665161,Jeremy Peña,SS,1,1,H,5,5,3,0,0,1,3,2,0,0,1,1,,,,,,30
2026-05-30,824190,Final,HOU,MIL,1,9,2,663567,Peter Lambert,P,,0,P,,,5,,,0,2,,3,0,,3,5.0,2,1,0,1,8.0
2026-05-30,824190,Final,HOU,MIL,1,9,2,572233,Christian Walker,1B,3,1,H,5,4,1,0,0,1,2,3,0,1,0,1,,,,,,23
2026-05-30,824190,Final,HOU,MIL,1,9,2,543877,Christian Vázquez,C,9,1,H,4,4,1,0,0,0,0,0,0,0,0,0,,,,,,3
2026-05-30,824190,Final,HOU,MIL,1,9,2,670541,Yordan Alvarez,DH,2,1,H,5,4,2,1,0,0,1,0,1,0,0,1,,,,,,14
2026-05-30,824190,Final,MIL,HOU,0,2,9,692230,Carlos Rodriguez,P,,0,P,,,5,,,0,3,,2,0,,3,3.33,3,0,0,0,3.33
2026-05-30,824190,Final,MIL,HOU,0,2,9,687401,Joey Ortiz,SS,8,1,H,3,3,0,0,0,0,0,0,0,0,0,0,,,,,,0
2026-05-30,824190,Final,MIL,HOU,0,2,9,694192,Jackson Chourio,LF,2,1,H,4,4,1,0,0,0,0,1,0,0,0,0,,,,,,5
2026-05-30,824190,Final,MIL,HOU,0,2,9,592885,Christian Yelich,DH,1,1,H,4,3,1,0,0,0,0,0,1,0,0,2,,,,,,6
2026-05-30,824190,Final,MIL,HOU,0,2,9,641343,Jake Bauers,RF,5,1,H,4,4,1,0,0,0,0,0,0,0,0,2,,,,,,3
2026-05-30,824190,Final,MIL,HOU,0,2,9,683734,Andrew Vaughn,1B,6,1,H,4,4,2,0,0,0,0,0,0,0,0,0,,,,,,6
2026-05-30,824190,Final,MIL,HOU,0,2,9,669003,Garrett Mitchell,CF,7,1,H,4,3,0,0,0,0,1,0,1,0,0,3,,,,,,5
2026-05-30,824190,Final,MIL,HOU,0,2,9,666152,David Hamilton,3B,9,1,H,3,3,0,0,0,0,0,0,0,0,0,0,,,,,,0
2026-05-30,824190,Final,MIL,HOU,0,2,9,687075,Brandon Sproat,P,,0,P,,,6,,,1,5,,0,2,,4,4.33,5,0,0,1,3.33
2026-05-30,824190,Final,MIL,HOU,0,2,9,663765,Jake Woodford,P,,0,P,,,1,,,1,1,,0,0,,1,0.33,1,0,0,0,0.33
2026-05-30,824190,Final,MIL,HOU,0,2,9,661388,William Contreras,C,4,1,H,4,4,1,1,0,0,0,1,0,0,0,0,,,,,,8
2026-05-30,824190,Final,MIL,HOU,0,2,9,668930,Brice Turang,2B,3,1,H,4,3,0,0,0,0,1,0,1,0,0,1,,,,,,5
2026-05-30,824190,Final,MIL,HOU,0,2,9,596142,Gary Sánchez,PH,8,0,H,1,1,0,0,0,0,0,0,0,0,0,1,,,,,,0
2026-05-30,823054,Final,STL,CHC,1,1,6,669357,Nolan Gorman,3B,5,1,H,3,3,0,0,0,0,0,0,0,0,0,3,,,,,,0
2026-05-30,823054,Final,STL,CHC,1,1,6,690155,Matt Pushard,P,,0,P,,,3,,,0,2,,1,0,,0,1.67,1,0,0,0,0.67
2026-05-30,823054,Final,STL,CHC,1,1,6,663494,Bryan Torres,LF,8,1,H,3,3,0,0,0,0,0,0,0,0,0,0,,,,,,0
2026-05-30,823054,Final,STL,CHC,1,1,6,691023,Jordan Walker,RF,4,1,H,4,4,0,0,0,0,0,0,0,0,0,1,,,,,,0
2026-05-30,823054,Final,STL,CHC,1,1,6,687363,Victor Scott II,CF,9,1,H,3,2,0,0,0,0,0,0,1,0,0,1,,,,,,3
2026-05-30,823054,Final,STL,CHC,1,1,6,681517,Kyle Leahy,P,,0,P,,,6,,,0,1,,0,1,,4,4.33,1,0,0,1,7.33
2026-05-30,823054,Final,STL,CHC,1,1,6,681676,Ryan Fernandez,P,,0,P,,,0,,,0,2,,2,0,,1,1.0,0,0,0,0,2.0
2026-05-30,823054,Final,STL,CHC,1,1,6,700669,Gordon Graceffo,P,,0,P,,,2,,,1,1,,0,0,,2,1.67,1,0,0,0,2.67
2026-05-30,823054,Final,STL,CHC,1,1,6,802139,JJ Wetherholt,2B,1,1,H,4,4,3,0,0,0,1,0,0,0,0,0,,,,,,11
2026-05-30,823054,Final,STL,CHC,1,1,6,677865,Justin Bruihl,P,,0,P,,,1,,,0,0,,0,1,,0,0.33,0,0,0,0,0.33
2026-05-30,823054,Final,STL,CHC,1,1,6,676475,Alec Burleson,1B,3,1,H,4,4,2,0,0,0,0,1,0,0,0,0,,,,,,8
2026-05-30,823054,Final,STL,CHC,1,1,6,691026,Masyn Winn,SS,6,1,H,3,2,0,0,0,0,0,0,1,0,0,0,,,,,,3
2026-05-30,823054,Final,STL,CHC,1,1,6,671056,Iván Herrera,DH,2,1,H,4,4,0,0,0,0,0,0,0,0,0,1,,,,,,0
2026-05-30,823054,Final,STL,CHC,1,1,6,699625,Jimmy Crooks,C,7,1,H,3,3,0,0,0,0,0,0,0,0,0,1,,,,,,0
2026-05-30,823054,Final,CHC,STL,0,6,1,694037,Daniel Palencia,P,,0,P,,,2,,,0,0,,0,0,,0,1.0,0,0,0,0,1.0
2026-05-30,823054,Final,CHC,STL,0,6,1,664023,Ian Happ,LF,5,1,H,5,5,2,1,0,0,1,0,0,0,0,1,,,,,,11
2026-05-30,823054,Final,CHC,STL,0,6,1,608324,Alex Bregman,3B,4,1,H,5,4,1,0,0,0,0,0,1,0,0,1,,,,,,6
2026-05-30,823054,Final,CHC,STL,0,6,1,683737,Michael Busch,1B,3,1,H,5,4,1,0,0,0,0,2,0,0,0,0,,,,,,7
2026-05-30,823054,Final,CHC,STL,0,6,1,691718,Pete Crow-Armstrong,CF,1,1,H,6,5,4,1,0,1,2,2,0,1,0,1,,,,,,33
2026-05-30,823054,Final,CHC,STL,0,6,1,657097,Jacob Webb,P,,0,P,,,0,,,0,0,,1,0,,1,1.0,0,0,0,0,2.0
2026-05-30,823054,Final,CHC,STL,0,6,1,665804,Miguel Amaya,C,8,1,H,5,3,0,0,0,0,1,0,0,1,0,0,,,,,,5
2026-05-30,823054,Final,CHC,STL,0,6,1,694208,Moisés Ballesteros,DH,7,1,H,5,5,1,0,0,0,0,0,0,0,0,1,,,,,,3
2026-05-30,823054,Final,CHC,STL,0,6,1,673548,Seiya Suzuki,RF,6,1,H,5,5,1,1,0,0,1,0,0,0,0,1,,,,,,8
2026-05-30,823054,Final,CHC,STL,0,6,1,621020,Dansby Swanson,SS,9,1,H,5,3,0,0,0,0,1,0,2,0,0,2,,,,,,8
2026-05-30,823054,Final,CHC,STL,0,6,1,663538,Nico Hoerner,2B,2,1,H,6,6,2,0,0,0,0,1,0,0,1,0,,,,,,12
2026-05-30,823054,Final,CHC,STL,0,6,1,676962,Ben Brown,P,,0,P,,,3,,,0,1,,1,0,,6,7.0,1,1,1,1,17.0
2026-05-30,824513,Final,CIN,ATL,1,2,5,682829,Elly De La Cruz,SS,2,1,H,4,4,1,0,1,0,0,0,0,0,0,1,,,,,,8
2026-05-30,824513,Final,CIN,ATL,1,2,5,701398,Sal Stewart,DH,3,1,H,4,4,0,0,0,0,0,0,0,0,0,1,,,,,,0
2026-05-30,824513,Final,CIN,ATL,1,2,5,680689,Lyon Richardson,P,,0,P,,,1,,,1,1,,0,0,,1,0.67,1,0,0,0,0.67
2026-05-30,824513,Final,CIN,ATL,1,2,5,622088,Tejay Antone,P,,0,P,,,1,,,0,0,,1,0,,0,1.0,0,0,0,0,1.0
2026-05-30,824513,Final,CIN,ATL,1,2,5,663574,Tony Santillan,P,,0,P,,,0,,,0,0,,0,0,,1,1.0,0,0,0,0,2.0
2026-05-30,824513,Final,CIN,ATL,1,2,5,663903,Brady Singer,P,,0,P,,,4,,,2,3,,4,0,,2,5.0,3,0,0,1,4.0
2026-05-30,824513,Final,CIN,ATL,1,2,5,680574,Matt McLain,2B,8,1,H,3,2,0,0,0,0,0,0,1,0,0,1,,,,,,3
2026-05-30,824513,Final,CIN,ATL,1,2,5,670770,TJ Friedl,CF,9,1,H,3,3,0,0,0,0,0,0,0,0,0,0,,,,,,0
2026-05-30,824513,Final,CIN,ATL,1,2,5,694362,Blake Dunn,RF,1,1,H,4,3,1,1,0,0,0,0,1,0,0,0,,,,,,9
2026-05-30,824513,Final,CIN,ATL,1,2,5,668715,Spencer Steer,1B,5,1,H,4,3,1,0,0,0,1,0,1,0,0,0,,,,,,8
2026-05-30,824513,Final,CIN,ATL,1,2,5,663886,Tyler Stephenson,C,7,1,H,3,3,0,0,0,0,0,0,0,0,0,0,,,,,,0
2026-05-30,824513,Final,CIN,ATL,1,2,5,553993,Eugenio Suárez,3B,4,1,H,4,4,0,0,0,0,0,0,0,0,0,2,,,,,,0
2026-05-30,824513,Final,CIN,ATL,1,2,5,594580,Sam Moll,P,,0,P,,,0,,,0,0,,0,0,,1,0.33,0,0,0,0,1.33
2026-05-30,824513,Final,CIN,ATL,1,2,5,668709,JJ Bleday,LF,6,1,H,4,4,2,0,0,1,1,2,0,0,0,0,,,,,,19
2026-05-30,824513,Final,CIN,ATL,1,2,5,656271,Brock Burke,P,,0,P,,,1,,,1,1,,0,0,,1,1.0,1,0,0,0,1.0
2026-05-30,824513,Final,ATL,CIN,0,5,2,644433,Chadwick Tromp,C,9,0,H,1,1,0,0,0,0,0,0,0,0,0,0,,,,,,0
2026-05-30,824513,Final,ATL,CIN,0,5,2,669276,Dylan Lee,P,,0,P,,,1,,,0,0,,0,0,,1,1.0,0,0,0,0,2.0
2026-05-30,824513,Final,ATL,CIN,0,5,2,663158,Robert Suarez,P,,0,P,,,0,,,0,0,,0,0,,0,1.0,0,0,0,0,1.0
2026-05-30,824513,Final,ATL,CIN,0,5,2,671739,Michael Harris II,CF,2,1,H,5,4,0,0,0,0,0,0,1,0,0,2,,,,,,3
2026-05-30,824513,Final,ATL,CIN,0,5,2,622761,Jorge Mateo,SS,8,1,H,4,4,1,0,0,1,1,1,0,0,0,1,,,,,,14
2026-05-30,824513,Final,ATL,CIN,0,5,2,643289,Mauricio Dubón,3B,6,1,H,4,3,1,0,0,0,0,0,1,0,0,1,,,,,,6
2026-05-30,824513,Final,ATL,CIN,0,5,2,621566,Matt Olson,1B,3,1,H,4,3,1,0,0,1,1,1,1,0,0,0,,,,,,17
2026-05-30,824513,Final,ATL,CIN,0,5,2,642086,Dominic Smith,DH,5,1,H,4,4,0,0,0,0,0,0,0,0,0,0,,,,,,0
2026-05-30,824513,Final,ATL,CIN,0,5,2,660670,Ronald Acuña Jr.,RF,1,1,H,5,4,2,0,0,2,2,2,1,0,2,1,,,,,,39
2026-05-30,824513,Final,ATL,CIN,0,5,2,641755,Tyler Kinley,P,,0,P,,,0,,,0,0,,0,0,,1,1.0,0,0,0,0,2.0
2026-05-30,824513,Final,ATL,CIN,0,5,2,645277,Ozzie Albies,2B,4,1,H,4,4,1,1,0,0,1,0,0,0,0,0,,,,,,8
2026-05-30,824513,Final,ATL,CIN,0,5,2,628452,Raisel Iglesias,P,,0,P,,,0,,,0,0,,0,0,,1,1.0,0,0,0,0,2.0
2026-05-30,824513,Final,ATL,CIN,0,5,2,663586,Austin Riley,PH,9,0,H,1,1,0,0,0,0,0,0,0,0,0,0,,,,,,0
2026-05-30,824513,Final,ATL,CIN,0,5,2,506702,Sandy León,C,9,1,H,2,2,0,0,0,0,0,0,0,0,0,1,,,,,,0
2026-05-30,824513,Final,ATL,CIN,0,5,2,573262,Mike Yastrzemski,LF,7,1,H,4,3,1,0,0,0,0,1,1,0,0,0,,,,,,8
2026-05-30,824513,Final,ATL,CIN,0,5,2,527048,Martín Pérez,P,,0,P,,,4,,,1,2,,3,0,,2,5.0,2,1,0,1,7.0
2026-05-30,824352,Final,COL,SF,1,8,3,663372,Ryan Feltner,P,,0,P,,,4,,,0,0,,0,0,,2,6.0,0,1,1,1,13.0
2026-05-30,824352,Final,COL,SF,1,8,3,680604,Blas Castaño,P,,0,P,,,4,,,1,3,,0,0,,2,2.0,3,0,0,0,1.0
2026-05-30,824352,Final,COL,SF,1,8,3,664983,Jake McCarthy,CF,1,1,H,5,4,3,0,0,1,3,4,1,0,1,0,,,,,,37
2026-05-30,824352,Final,COL,SF,1,8,3,687859,Troy Johnston,LF,5,1,H,5,5,1,0,0,0,0,0,0,0,0,1,,,,,,3
2026-05-30,824352,Final,COL,SF,1,8,3,650489,Willi Castro,2B,4,1,H,5,5,2,0,0,0,0,1,0,0,0,1,,,,,,8
2026-05-30,824352,Final,COL,SF,1,8,3,657514,Brennan Bernardino,P,,0,P,,,1,,,0,0,,0,0,,1,1.0,0,0,0,0,2.0
2026-05-30,824352,Final,COL,SF,1,8,3,671289,Tyler Freeman,RF,8,0,H,1,1,1,1,0,0,1,0,0,0,0,0,,,,,,8
2026-05-30,824352,Final,COL,SF,1,8,3,666397,Edouard Julien,2B,8,1,H,3,2,1,0,0,0,2,0,1,0,0,1,,,,,,10
2026-05-30,824352,Final,COL,SF,1,8,3,696100,Hunter Goodman,DH,3,1,H,5,4,1,0,0,0,1,0,1,0,0,1,,,,,,8
2026-05-30,824352,Final,COL,SF,1,8,3,664954,Brett Sullivan,C,9,1,H,4,4,1,0,0,0,0,0,0,0,0,1,,,,,,3
2026-05-30,824352,Final,COL,SF,1,8,3,678662,Ezequiel Tovar,SS,6,1,H,5,5,1,0,0,0,0,0,0,0,0,1,,,,,,3
2026-05-30,824352,Final,COL,SF,1,8,3,681198,TJ Rumfield,1B,2,1,H,5,4,2,0,0,0,0,1,1,0,0,0,,,,,,11
2026-05-30,824352,Final,COL,SF,1,8,3,694514,Sterlin Thompson,LF,7,1,H,3,2,0,0,0,0,0,1,0,1,0,1,,,,,,5
2026-05-30,824352,Final,COL,SF,1,8,3,691720,Kyle Karros,3B,7,0,H,2,2,1,0,0,1,1,1,0,0,0,0,,,,,,14
2026-05-30,824352,Final,SF,COL,0,3,8,669477,Casey Schmitt,LF,3,1,H,4,4,1,1,0,0,0,0,0,0,0,1,,,,,,6
2026-05-30,824352,Final,SF,COL,0,3,8,664141,JT Brubaker,P,,0,P,,,0,,,0,0,,0,0,,2,1.0,0,0,0,0,3.0
2026-05-30,824352,Final,SF,COL,0,3,8,656305,Matt Chapman,3B,6,1,H,4,4,2,1,0,0,0,1,0,0,0,0,,,,,,11
2026-05-30,824352,Final,SF,COL,0,3,8,621366,Ryan Borucki,P,,0,P,,,4,,,1,3,,0,0,,0,2.0,3,0,0,0,-1.0
2026-05-30,824352,Final,SF,COL,0,3,8,687551,Drew Gilbert,CF,9,1,H,3,3,2,1,0,1,1,2,0,0,0,0,,,,,,22
2026-05-30,824352,Final,SF,COL,0,3,8,808982,Jung Hoo Lee,RF,5,1,H,4,4,2,0,1,0,1,0,0,0,0,0,,,,,,13
2026-05-30,824352,Final,SF,COL,0,3,8,656529,Sam Hentges,P,,0,P,,,2,,,0,1,,2,0,,1,1.33,1,0,0,0,1.33
2026-05-30,824352,Final,SF,COL,0,3,8,646240,Rafael Devers,1B,4,1,H,4,4,0,0,0,0,0,0,0,0,0,2,,,,,,0
2026-05-30,824352,Final,SF,COL,0,3,8,606992,Eric Haase,C,8,1,H,3,3,1,0,0,0,0,0,0,0,0,0,,,,,,3
2026-05-30,824352,Final,SF,COL,0,3,8,605288,Adrian Houser,P,,0,P,,,8,,,1,4,,2,1,,4,3.67,4,0,0,1,3.67
2026-05-30,824352,Final,SF,COL,0,3,8,642715,Willy Adames,SS,1,1,H,4,4,0,0,0,0,0,0,0,0,0,1,,,,,,0
2026-05-30,824352,Final,SF,COL,0,3,8,650333,Luis Arraez,2B,2,1,H,4,4,0,0,0,0,0,0,0,0,0,0,,,,,,0
2026-05-30,824352,Final,SF,COL,0,3,8,805811,Bryce Eldridge,DH,7,1,H,4,4,1,1,0,0,1,0,0,0,0,1,,,,,,8
2026-05-30,825000,Final,ATH,NYY,1,6,4,667670,Brent Rooker,DH,4,1,H,4,3,0,0,0,0,1,0,0,1,0,1,,,,,,5
2026-05-30,825000,Final,ATH,NYY,1,6,4,669372,J.T. Ginn,P,,0,P,,,4,,,0,1,,3,0,,4,6.0,0,1,1,1,15.0
2026-05-30,825000,Final,ATH,NYY,1,6,4,680869,Zack Gelof,3B,7,1,H,4,4,1,0,0,0,0,1,0,0,0,1,,,,,,5
2026-05-30,825000,Final,ATH,NYY,1,6,4,686993,Justin Sterner,P,,0,P,,,0,,,0,0,,0,0,,0,1.0,0,0,0,0,1.0
2026-05-30,825000,Final,ATH,NYY,1,6,4,605130,Scott Barlow,P,,0,P,,,0,,,0,0,,3,0,,0,0.33,0,0,0,0,0.33
2026-05-30,825000,Final,ATH,NYY,1,6,4,675961,Alika Williams,2B,9,1,H,3,3,0,0,0,0,0,0,0,0,0,2,,,,,,0
2026-05-30,825000,Final,ATH,NYY,1,6,4,691016,Tyler Soderstrom,LF,5,1,H,4,3,3,1,0,1,1,1,1,0,0,0,,,,,,26
2026-05-30,825000,Final,ATH,NYY,1,6,4,687231,Darell Hernaiz,SS,8,1,H,4,4,0,0,0,0,0,0,0,0,0,1,,,,,,0
2026-05-30,825000,Final,ATH,NYY,1,6,4,701762,Nick Kurtz,1B,2,1,H,4,4,3,0,0,1,2,2,0,0,0,1,,,,,,24
2026-05-30,825000,Final,ATH,NYY,1,6,4,663687,Hogan Harris,P,,0,P,,,1,,,0,0,,1,0,,2,1.0,0,0,0,0,3.0
2026-05-30,825000,Final,ATH,NYY,1,6,4,703607,Henry Bolte,CF,6,1,H,4,4,0,0,0,0,0,0,0,0,0,3,,,,,,0
2026-05-30,825000,Final,ATH,NYY,1,6,4,687515,Colby Thomas,RF,1,1,H,4,3,0,0,0,0,1,0,1,0,0,2,,,,,,5
2026-05-30,825000,Final,ATH,NYY,1,6,4,669127,Shea Langeliers,C,3,1,H,4,3,1,0,0,1,1,2,1,0,0,0,,,,,,19
2026-05-30,825000,Final,ATH,NYY,1,6,4,678022,Jack Perkins,P,,0,P,,,1,,,0,3,,2,0,,2,0.67,3,0,0,0,-0.33
2026-05-30,825000,Final,NYY,ATH,0,4,6,676609,José Caballero,PH,8,0,H,1,1,0,0,0,0,0,0,0,0,0,1,,,,,,0
2026-05-30,825000,Final,NYY,ATH,0,4,6,592450,Aaron Judge,RF,3,1,H,5,4,0,0,0,0,0,1,1,0,0,0,,,,,,5
2026-05-30,825000,Final,NYY,ATH,0,4,6,641857,Ryan McMahon,3B,7,1,H,4,4,2,0,0,0,1,0,0,0,0,2,,,,,,8
2026-05-30,825000,Final,NYY,ATH,0,4,6,677960,Ryan Weathers,P,,0,P,,,6,,,3,5,,3,0,,10,6.67,5,0,0,1,11.67
2026-05-30,825000,Final,NYY,ATH,0,4,6,502671,Paul Goldschmidt,1B,6,1,H,4,3,1,0,0,0,0,0,1,0,0,1,,,,,,6
2026-05-30,825000,Final,NYY,ATH,0,4,6,669224,Austin Wells,C,8,1,H,2,2,1,0,0,0,0,0,0,0,0,0,,,,,,3
2026-05-30,825000,Final,NYY,ATH,0,4,6,700250,Ben Rice,DH,2,1,H,5,3,1,0,0,0,0,1,2,0,0,2,,,,,,11
2026-05-30,825000,Final,NYY,ATH,0,4,6,641555,J.C. Escarra,C,8,0,H,1,0,0,0,0,0,1,0,1,0,0,0,,,,,,5
2026-05-30,825000,Final,NYY,ATH,0,4,6,683011,Anthony Volpe,SS,9,1,H,4,4,0,0,0,0,0,0,0,0,0,2,,,,,,0
2026-05-30,825000,Final,NYY,ATH,0,4,6,641355,Cody Bellinger,LF,4,1,H,5,3,0,0,0,0,1,1,2,0,0,0,,,,,,10
2026-05-30,825000,Final,NYY,ATH,0,4,6,665862,Jazz Chisholm Jr.,2B,5,1,H,5,5,1,0,0,0,0,0,0,0,1,0,,,,,,7
2026-05-30,825000,Final,NYY,ATH,0,4,6,656234,Jake Bird,P,,0,P,,,2,,,0,1,,0,1,,1,1.0,1,0,0,0,1.0
2026-05-30,825000,Final,NYY,ATH,0,4,6,666808,Camilo Doval,P,,0,P,,,0,,,0,0,,0,0,,0,0.33,0,0,0,0,0.33
2026-05-30,825000,Final,NYY,ATH,0,4,6,663757,Trent Grisham,CF,1,1,H,5,3,0,0,0,0,1,0,2,0,0,0,,,,,,8
2026-05-30,823132,Final,SEA,AZ,1,5,1,647304,Josh Naylor,1B,3,1,H,4,4,0,0,0,0,0,0,0,0,0,0,,,,,,0
2026-05-30,823132,Final,SEA,AZ,1,5,1,702284,Cole Young,2B,6,1,H,4,3,1,0,0,0,0,1,0,0,0,0,,,,,,5
2026-05-30,823132,Final,SEA,AZ,1,5,1,695380,Alex Hoppe,P,,0,P,,,0,,,0,1,,1,0,,0,1.0,0,0,0,0,1.0
2026-05-30,823132,Final,SEA,AZ,1,5,1,668227,Randy Arozarena,LF,4,1,H,4,4,0,0,0,0,1,0,0,0,0,0,,,,,,2
2026-05-30,823132,Final,SEA,AZ,1,5,1,641487,J.P. Crawford,SS,1,1,H,4,4,1,0,0,0,0,0,0,0,0,0,,,,,,3
2026-05-30,823132,Final,SEA,AZ,1,5,1,686527,Dominic Canzone,DH,7,1,H,4,4,2,1,0,1,1,1,0,0,0,1,,,,,,20
2026-05-30,823132,Final,SEA,AZ,1,5,1,693433,Bryan Woo,P,,0,P,,,2,,,0,0,,0,0,,9,7.0,0,1,1,1,21.0
2026-05-30,823132,Final,SEA,AZ,1,5,1,806068,Colt Emerson,3B,9,1,H,3,3,1,0,0,1,1,1,0,0,0,1,,,,,,14
2026-05-30,823132,Final,SEA,AZ,1,5,1,681867,Cooper Criswell,P,,0,P,,,1,,,0,0,,0,0,,0,1.0,0,0,0,0,1.0
2026-05-30,823132,Final,SEA,AZ,1,5,1,641598,Mitch Garver,C,8,1,H,3,3,0,0,0,0,0,0,0,0,0,1,,,,,,0
2026-05-30,823132,Final,SEA,AZ,1,5,1,677594,Julio Rodríguez,CF,2,1,H,4,4,2,1,0,1,1,1,0,0,0,0,,,,,,20
2026-05-30,823132,Final,SEA,AZ,1,5,1,670042,Luke Raley,RF,5,1,H,4,3,2,0,0,1,1,1,0,1,0,0,,,,,,20
2026-05-30,823132,Final,AZ,SEA,0,1,5,680728,Adrian Del Castillo,DH,5,1,H,3,3,1,0,0,0,0,0,0,0,0,1,,,,,,3
2026-05-30,823132,Final,AZ,SEA,0,1,5,694371,Tommy Troy,LF,9,1,H,3,3,0,0,0,0,0,0,0,0,0,1,,,,,,0
2026-05-30,823132,Final,AZ,SEA,0,1,5,814439,Ryan Waldschmidt,CF,6,1,H,3,3,1,0,0,0,0,0,0,0,0,1,,,,,,3
2026-05-30,823132,Final,AZ,SEA,0,1,5,606466,Ketel Marte,2B,1,1,H,4,4,0,0,0,0,0,0,0,0,0,1,,,,,,0
2026-05-30,823132,Final,AZ,SEA,0,1,5,545121,Ildemaro Vargas,1B,7,1,H,3,3,1,0,0,0,0,0,0,0,0,0,,,,,,3
2026-05-30,823132,Final,AZ,SEA,0,1,5,669194,Ryne Nelson,P,,0,P,,,7,,,4,5,,0,1,,3,5.33,4,0,0,1,4.33
2026-05-30,823132,Final,AZ,SEA,0,1,5,672695,Geraldo Perdomo,SS,3,1,H,4,3,0,0,0,0,1,0,1,0,0,1,,,,,,5
2026-05-30,823132,Final,AZ,SEA,0,1,5,699912,Jose Fernandez,3B,8,1,H,3,3,0,0,0,0,0,0,0,0,0,1,,,,,,0
2026-05-30,823132,Final,AZ,SEA,0,1,5,672515,Gabriel Moreno,C,4,1,H,4,4,0,0,0,0,0,0,0,0,0,2,,,,,,0
2026-05-30,823132,Final,AZ,SEA,0,1,5,682998,Corbin Carroll,RF,2,1,H,4,4,0,0,0,0,0,0,0,0,0,1,,,,,,0
2026-05-30,823132,Final,AZ,SEA,0,1,5,664199,Taylor Clarke,P,,0,P,,,1,,,0,0,,0,0,,0,1.0,0,0,0,0,1.0
2026-05-30,823132,Final,AZ,SEA,0,1,5,657044,Ryan Thompson,P,,0,P,,,1,,,0,0,,0,0,,0,1.67,0,0,0,0,1.67
2026-05-30,823945,Final,LAD,PHI,1,3,4,669257,Will Smith,C,6,1,H,4,3,1,0,0,0,1,0,1,0,0,1,,,,,,8
2026-05-30,823945,Final,LAD,PHI,1,3,4,687221,Dalton Rushing,PH,9,0,H,1,1,0,0,0,0,0,0,0,0,0,0,,,,,,0
2026-05-30,823945,Final,LAD,PHI,1,3,4,681911,Alex Vesia,P,,0,P,,,0,,,0,0,,1,0,,1,0.67,0,0,0,0,1.67
2026-05-30,823945,Final,LAD,PHI,1,3,4,663656,Kyle Tucker,RF,5,1,H,4,4,0,0,0,0,0,0,0,0,0,0,,,,,,0
2026-05-30,823945,Final,LAD,PHI,1,3,4,571970,Max Muncy,3B,7,0,H,1,1,0,0,0,0,0,0,0,0,0,1,,,,,,0
2026-05-30,823945,Final,LAD,PHI,1,3,4,518692,Freddie Freeman,1B,3,1,H,4,4,1,0,0,0,0,0,0,0,0,2,,,,,,3
2026-05-30,823945,Final,LAD,PHI,1,3,4,656945,Tanner Scott,P,,0,P,,,3,,,1,3,,0,0,,0,1.0,3,0,0,0,-2.0
2026-05-30,823945,Final,LAD,PHI,1,3,4,669289,Santiago Espinal,2B,9,1,H,3,2,0,0,0,0,0,1,0,0,0,0,,,,,,2
2026-05-30,823945,Final,LAD,PHI,1,3,4,669165,Kyle Hurt,P,,0,P,,,0,,,0,0,,0,0,,1,1.0,0,0,0,0,2.0
2026-05-30,823945,Final,LAD,PHI,1,3,4,660271,Shohei Ohtani,DH,1,1,H,5,5,1,0,0,0,0,0,0,0,0,3,,,,,,3
2026-05-30,823945,Final,LAD,PHI,1,3,4,681624,Andy Pages,CF,2,1,H,5,5,1,1,0,0,1,0,0,0,0,1,,,,,,8
2026-05-30,823945,Final,LAD,PHI,1,3,4,605141,Mookie Betts,SS,4,1,H,4,4,3,1,0,0,0,1,0,0,0,0,,,,,,14
2026-05-30,823945,Final,LAD,PHI,1,3,4,669743,Alex Call,LF,8,1,H,4,4,2,1,0,0,1,1,0,0,0,0,,,,,,13
2026-05-30,823945,Final,LAD,PHI,1,3,4,500743,Miguel Rojas,2B,7,1,H,3,2,0,0,0,0,0,0,1,0,0,1,,,,,,3
2026-05-30,823945,Final,LAD,PHI,1,3,4,595014,Blake Treinen,P,,0,P,,,0,,,0,0,,0,0,,2,1.0,0,0,0,0,3.0
2026-05-30,823945,Final,LAD,PHI,1,3,4,808963,Roki Sasaki,P,,0,P,,,3,,,1,1,,1,0,,7,5.33,1,0,0,1,11.33
2026-05-30,823945,Final,PHI,LAD,0,4,3,669016,Brandon Marsh,LF,4,1,H,2,2,0,0,0,0,0,0,0,0,0,0,,,,,,0
2026-05-30,823945,Final,PHI,LAD,0,4,3,666200,Jesús Luzardo,P,,0,P,,,7,,,0,2,,2,0,,6,5.33,2,0,0,1,9.33
2026-05-30,823945,Final,PHI,LAD,0,4,3,621237,José Alvarado,P,,0,P,,,0,,,0,0,,0,0,,0,0.67,0,0,0,0,0.67
2026-05-30,823945,Final,PHI,LAD,0,4,3,702222,Justin Crawford,CF,9,1,H,3,3,1,0,0,0,1,0,0,0,0,1,,,,,,5
2026-05-30,823945,Final,PHI,LAD,0,4,3,547180,Bryce Harper,1B,3,1,H,4,2,1,0,0,0,1,1,2,0,0,0,,,,,,13
2026-05-30,823945,Final,PHI,LAD,0,4,3,592663,J.T. Realmuto,C,7,1,H,4,4,0,0,0,0,0,0,0,0,0,3,,,,,,0
2026-05-30,823945,Final,PHI,LAD,0,4,3,661395,Jhoan Duran,P,,0,P,,,0,,,0,0,,0,0,,0,1.0,0,0,0,0,1.0
2026-05-30,823945,Final,PHI,LAD,0,4,3,624641,Edmundo Sosa,LF,4,0,H,2,2,1,0,0,1,1,2,0,0,0,1,,,,,,16
2026-05-30,823945,Final,PHI,LAD,0,4,3,689147,Orion Kerkering,P,,0,P,,,2,,,0,1,,0,0,,2,1.0,1,1,0,0,4.0
2026-05-30,823945,Final,PHI,LAD,0,4,3,664761,Alec Bohm,3B,5,1,H,4,4,1,0,0,1,1,1,0,0,0,0,,,,,,14
2026-05-30,823945,Final,PHI,LAD,0,4,3,681082,Bryson Stott,2B,6,1,H,4,4,0,0,0,0,0,0,0,0,0,0,,,,,,0
2026-05-30,823945,Final,PHI,LAD,0,4,3,656941,Kyle Schwarber,DH,1,1,H,4,4,1,0,0,0,0,0,0,0,0,2,,,,,,3
2026-05-30,823945,Final,PHI,LAD,0,4,3,666969,Adolis García,RF,8,1,H,4,4,0,0,0,0,0,0,0,0,0,3,,,,,,0
2026-05-30,823945,Final,PHI,LAD,0,4,3,641745,Brad Keller,P,,0,P,,,0,,,0,0,,0,0,,1,1.0,0,0,0,0,2.0
2026-05-30,823945,Final,PHI,LAD,0,4,3,607208,Trea Turner,SS,2,1,H,4,4,1,0,0,0,0,0,0,0,0,1,,,,,,3
